order_id,customer_id,order_date,total_amount,status,payment_method,shipping_city
1,165,2025-10-01,960000.0,COMPLETED,CORPORATE_TRANSFER,Chennai
2,120,2025-10-01,360000.0,COMPLETED,CORPORATE_TRANSFER,Bengaluru
3,200,2025-10-01,90000.0,COMPLETED,CORPORATE_TRANSFER,Hyderabad
4,129,2025-10-02,125000.0,COMPLETED,CORPORATE_TRANSFER,Mumbai
5,133,2025-10-02,135000.0,COMPLETED,CORPORATE_TRANSFER,Bengaluru
6,43,2025-10-02,135000.0,COMPLETED,CORPORATE_TRANSFER,Chennai
7,182,2025-10-02,255000.0,COMPLETED,CORPORATE_TRANSFER,Pune
8,73,2025-10-03,720000.0,COMPLETED,CORPORATE_TRANSFER,Delhi
9,51,2025-10-03,190000.0,COMPLETED,CORPORATE_TRANSFER,Delhi
10,161,2025-10-03,95000.0,COMPLETED,CORPORATE_TRANSFER,Delhi
11,129,2025-10-03,90000.0,COMPLETED,CORPORATE_TRANSFER,Mumbai
12,44,2025-10-03,180000.0,COMPLETED,CORPORATE_TRANSFER,Delhi
13,21,2025-10-04,375000.0,COMPLETED,CORPORATE_TRANSFER,Bengaluru
14,197,2025-10-05,110000.0,COMPLETED,CORPORATE_TRANSFER,Delhi
15,128,2025-10-05,285000.0,COMPLETED,CORPORATE_TRANSFER,Mumbai
16,63,2025-10-06,330000.0,COMPLETED,CORPORATE_TRANSFER,Delhi
17,117,2025-10-06,240000.0,COMPLETED,CORPORATE_TRANSFER,Chennai
18,41,2025-10-06,260000.0,COMPLETED,CORPORATE_TRANSFER,Bengaluru
19,124,2025-10-06,130000.0,COMPLETED,CORPORATE_TRANSFER,Delhi
20,156,2025-10-07,135000.0,COMPLETED,CORPORATE_TRANSFER,Pune
21,184,2025-10-07,540000.0,COMPLETED,CORPORATE_TRANSFER,Mumbai
22,103,2025-10-07,135000.0,COMPLETED,CORPORATE_TRANSFER,Chennai
23,144,2025-10-08,720000.0,COMPLETED,CORPORATE_TRANSFER,Pune
24,62,2025-10-08,65000.0,COMPLETED,CORPORATE_TRANSFER,Pune
25,69,2025-10-08,130000.0,COMPLETED,CORPORATE_TRANSFER,Hyderabad
26,37,2025-10-08,240000.0,COMPLETED,CORPORATE_TRANSFER,Chennai
27,75,2025-10-08,440000.0,COMPLETED,CORPORATE_TRANSFER,Bengaluru
28,41,2025-10-09,540000.0,COMPLETED,CORPORATE_TRANSFER,Bengaluru
29,49,2025-10-09,180000.0,COMPLETED,CORPORATE_TRANSFER,Mumbai
30,120,2025-10-10,195000.0,COMPLETED,CORPORATE_TRANSFER,Bengaluru
31,128,2025-10-10,125000.0,COMPLETED,CORPORATE_TRANSFER,Mumbai
32,101,2025-10-10,130000.0,COMPLETED,CORPORATE_TRANSFER,Hyderabad
33,56,2025-10-10,180000.0,COMPLETED,CORPORATE_TRANSFER,Bengaluru
34,13,2025-10-10,380000.0,COMPLETED,CORPORATE_TRANSFER,Hyderabad
35,168,2025-10-11,195000.0,COMPLETED,CORPORATE_TRANSFER,Mumbai
36,138,2025-10-11,125000.0,COMPLETED,CORPORATE_TRANSFER,Bengaluru
37,111,2025-10-11,135000.0,COMPLETED,CORPORATE_TRANSFER,Mumbai
38,187,2025-10-11,720000.0,COMPLETED,CORPORATE_TRANSFER,Hyderabad
39,94,2025-10-11,500000.0,COMPLETED,CORPORATE_TRANSFER,Chennai
40,146,2025-10-12,255000.0,COMPLETED,CORPORATE_TRANSFER,Hyderabad
41,74,2025-10-13,960000.0,COMPLETED,CORPORATE_TRANSFER,Pune
42,130,2025-10-13,195000.0,COMPLETED,CORPORATE_TRANSFER,Hyderabad
43,160,2025-10-13,480000.0,COMPLETED,CORPORATE_TRANSFER,Delhi
44,25,2025-10-13,330000.0,COMPLETED,CORPORATE_TRANSFER,Mumbai
45,87,2025-10-13,360000.0,COMPLETED,CORPORATE_TRANSFER,Delhi
46,155,2025-10-14,110000.0,COMPLETED,CORPORATE_TRANSFER,Pune
47,12,2025-10-14,250000.0,COMPLETED,CORPORATE_TRANSFER,Delhi
48,122,2025-10-15,130000.0,COMPLETED,CORPORATE_TRANSFER,Chennai
49,156,2025-10-15,135000.0,COMPLETED,CORPORATE_TRANSFER,Pune
50,157,2025-10-15,360000.0,COMPLETED,CORPORATE_TRANSFER,Mumbai
51,158,2025-10-16,285000.0,COMPLETED,CORPORATE_TRANSFER,Pune
52,130,2025-10-16,195000.0,COMPLETED,CORPORATE_TRANSFER,Hyderabad
53,122,2025-10-16,375000.0,COMPLETED,CORPORATE_TRANSFER,Chennai
54,85,2025-10-16,960000.0,COMPLETED,CORPORATE_TRANSFER,Hyderabad
55,79,2025-10-17,500000.0,COMPLETED,CORPORATE_TRANSFER,Delhi
56,68,2025-10-17,85000.0,COMPLETED,CORPORATE_TRANSFER,Hyderabad
57,150,2025-10-17,130000.0,COMPLETED,CORPORATE_TRANSFER,Hyderabad
58,135,2025-10-17,220000.0,COMPLETED,CORPORATE_TRANSFER,Hyderabad
59,175,2025-10-17,85000.0,COMPLETED,CORPORATE_TRANSFER,Delhi
60,180,2025-10-18,480000.0,COMPLETED,CORPORATE_TRANSFER,Hyderabad
61,5,2025-10-18,195000.0,COMPLETED,CORPORATE_TRANSFER,Mumbai
62,108,2025-10-18,180000.0,COMPLETED,CORPORATE_TRANSFER,Delhi
63,177,2025-10-18,340000.0,COMPLETED,CORPORATE_TRANSFER,Mumbai
64,129,2025-10-18,65000.0,COMPLETED,CORPORATE_TRANSFER,Mumbai
65,133,2025-10-19,255000.0,COMPLETED,CORPORATE_TRANSFER,Bengaluru
66,170,2025-10-19,260000.0,COMPLETED,CORPORATE_TRANSFER,Delhi
67,45,2025-10-20,195000.0,COMPLETED,CORPORATE_TRANSFER,Hyderabad
68,140,2025-10-20,540000.0,COMPLETED,CORPORATE_TRANSFER,Delhi
69,157,2025-10-20,130000.0,COMPLETED,CORPORATE_TRANSFER,Mumbai
70,72,2025-10-21,190000.0,COMPLETED,CORPORATE_TRANSFER,Hyderabad
71,77,2025-10-21,190000.0,COMPLETED,CORPORATE_TRANSFER,Pune
72,82,2025-10-22,195000.0,COMPLETED,CORPORATE_TRANSFER,Hyderabad
73,144,2025-10-22,285000.0,COMPLETED,CORPORATE_TRANSFER,Pune
74,32,2025-10-22,440000.0,COMPLETED,CORPORATE_TRANSFER,Pune
75,89,2025-10-22,135000.0,COMPLETED,CORPORATE_TRANSFER,Delhi
76,74,2025-10-23,720000.0,COMPLETED,CORPORATE_TRANSFER,Pune
77,168,2025-10-24,380000.0,COMPLETED,CORPORATE_TRANSFER,Mumbai
78,55,2025-10-24,255000.0,COMPLETED,CORPORATE_TRANSFER,Pune
79,144,2025-10-24,190000.0,COMPLETED,CORPORATE_TRANSFER,Pune
80,28,2025-10-24,170000.0,COMPLETED,CORPORATE_TRANSFER,Delhi
81,172,2025-10-25,170000.0,COMPLETED,CORPORATE_TRANSFER,Chennai
82,26,2025-10-26,330000.0,COMPLETED,CORPORATE_TRANSFER,Hyderabad
83,26,2025-10-27,45000.0,COMPLETED,CORPORATE_TRANSFER,Hyderabad
84,141,2025-10-27,180000.0,COMPLETED,CORPORATE_TRANSFER,Hyderabad
85,168,2025-10-27,260000.0,COMPLETED,CORPORATE_TRANSFER,Mumbai
86,167,2025-10-27,255000.0,COMPLETED,CORPORATE_TRANSFER,Chennai
87,74,2025-10-28,125000.0,COMPLETED,CORPORATE_TRANSFER,Pune
88,167,2025-10-28,85000.0,COMPLETED,CORPORATE_TRANSFER,Chennai
89,45,2025-10-28,220000.0,COMPLETED,CORPORATE_TRANSFER,Hyderabad
90,102,2025-10-29,130000.0,COMPLETED,CORPORATE_TRANSFER,Delhi
91,10,2025-10-30,375000.0,COMPLETED,CORPORATE_TRANSFER,Hyderabad
92,146,2025-10-30,720000.0,COMPLETED,CORPORATE_TRANSFER,Hyderabad
93,73,2025-10-30,260000.0,COMPLETED,CORPORATE_TRANSFER,Delhi
94,130,2025-10-31,195000.0,COMPLETED,CORPORATE_TRANSFER,Hyderabad
95,50,2025-10-31,720000.0,COMPLETED,CORPORATE_TRANSFER,Pune
96,188,2025-11-01,195000.0,COMPLETED,CORPORATE_TRANSFER,Bengaluru
97,184,2025-11-01,45000.0,COMPLETED,CORPORATE_TRANSFER,Mumbai
98,76,2025-11-02,170000.0,COMPLETED,CORPORATE_TRANSFER,Hyderabad
99,157,2025-11-02,440000.0,COMPLETED,CORPORATE_TRANSFER,Mumbai
100,132,2025-11-02,180000.0,COMPLETED,CORPORATE_TRANSFER,Bengaluru
101,172,2025-11-03,480000.0,COMPLETED,CORPORATE_TRANSFER,Chennai
102,36,2025-11-03,195000.0,COMPLETED,CORPORATE_TRANSFER,Bengaluru
103,64,2025-11-03,375000.0,COMPLETED,CORPORATE_TRANSFER,Delhi
104,99,2025-11-03,340000.0,COMPLETED,CORPORATE_TRANSFER,Hyderabad
105,85,2025-11-04,95000.0,COMPLETED,CORPORATE_TRANSFER,Hyderabad
106,67,2025-11-04,360000.0,COMPLETED,CORPORATE_TRANSFER,Hyderabad
107,16,2025-11-04,960000.0,COMPLETED,CORPORATE_TRANSFER,Chennai
108,41,2025-11-05,330000.0,COMPLETED,CORPORATE_TRANSFER,Bengaluru
109,177,2025-11-05,720000.0,COMPLETED,CORPORATE_TRANSFER,Mumbai
110,95,2025-11-05,170000.0,COMPLETED,CORPORATE_TRANSFER,Delhi
111,123,2025-11-06,180000.0,COMPLETED,CORPORATE_TRANSFER,Hyderabad
112,192,2025-11-06,720000.0,COMPLETED,CORPORATE_TRANSFER,Chennai
113,121,2025-11-07,170000.0,COMPLETED,CORPORATE_TRANSFER,Delhi
114,175,2025-11-07,960000.0,COMPLETED,CORPORATE_TRANSFER,Delhi
115,136,2025-11-07,180000.0,COMPLETED,CORPORATE_TRANSFER,Pune
116,145,2025-11-07,240000.0,COMPLETED,CORPORATE_TRANSFER,Mumbai
117,141,2025-11-07,170000.0,COMPLETED,CORPORATE_TRANSFER,Hyderabad
118,84,2025-11-08,65000.0,COMPLETED,CORPORATE_TRANSFER,Mumbai
119,175,2025-11-08,340000.0,COMPLETED,CORPORATE_TRANSFER,Delhi
120,131,2025-11-09,65000.0,COMPLETED,CORPORATE_TRANSFER,Pune
121,34,2025-11-10,440000.0,COMPLETED,CORPORATE_TRANSFER,Pune
122,145,2025-11-10,500000.0,COMPLETED,CORPORATE_TRANSFER,Mumbai
123,173,2025-11-10,95000.0,COMPLETED,CORPORATE_TRANSFER,Bengaluru
124,102,2025-11-10,95000.0,COMPLETED,CORPORATE_TRANSFER,Delhi
125,149,2025-11-11,240000.0,COMPLETED,CORPORATE_TRANSFER,Pune
126,109,2025-11-11,180000.0,COMPLETED,CORPORATE_TRANSFER,Mumbai
127,16,2025-11-12,960000.0,COMPLETED,CORPORATE_TRANSFER,Chennai
128,9,2025-11-12,380000.0,COMPLETED,CORPORATE_TRANSFER,Bengaluru
129,47,2025-11-12,180000.0,COMPLETED,CORPORATE_TRANSFER,Mumbai
130,96,2025-11-12,440000.0,COMPLETED,CORPORATE_TRANSFER,Chennai
131,97,2025-11-12,110000.0,COMPLETED,CORPORATE_TRANSFER,Pune
132,35,2025-11-13,180000.0,COMPLETED,CORPORATE_TRANSFER,Bengaluru
133,46,2025-11-13,220000.0,COMPLETED,CORPORATE_TRANSFER,Mumbai
134,187,2025-11-13,85000.0,COMPLETED,CORPORATE_TRANSFER,Hyderabad
135,194,2025-11-13,375000.0,COMPLETED,CORPORATE_TRANSFER,Hyderabad
136,119,2025-11-13,440000.0,COMPLETED,CORPORATE_TRANSFER,Chennai
137,64,2025-11-14,195000.0,COMPLETED,CORPORATE_TRANSFER,Delhi
138,40,2025-11-14,190000.0,COMPLETED,CORPORATE_TRANSFER,Mumbai
139,9,2025-11-15,110000.0,COMPLETED,CORPORATE_TRANSFER,Bengaluru
140,53,2025-11-16,240000.0,COMPLETED,CORPORATE_TRANSFER,Pune
141,153,2025-11-16,500000.0,COMPLETED,CORPORATE_TRANSFER,Pune
142,173,2025-11-17,250000.0,COMPLETED,CORPORATE_TRANSFER,Bengaluru
143,190,2025-11-17,500000.0,COMPLETED,CORPORATE_TRANSFER,Pune
144,113,2025-11-17,170000.0,COMPLETED,CORPORATE_TRANSFER,Bengaluru
145,194,2025-11-17,250000.0,COMPLETED,CORPORATE_TRANSFER,Hyderabad
146,129,2025-11-17,190000.0,COMPLETED,CORPORATE_TRANSFER,Mumbai
147,82,2025-11-18,360000.0,COMPLETED,CORPORATE_TRANSFER,Hyderabad
148,78,2025-11-18,90000.0,COMPLETED,CORPORATE_TRANSFER,Bengaluru
149,106,2025-11-18,285000.0,COMPLETED,CORPORATE_TRANSFER,Bengaluru
150,16,2025-11-18,180000.0,COMPLETED,CORPORATE_TRANSFER,Chennai
151,143,2025-11-18,65000.0,COMPLETED,CORPORATE_TRANSFER,Hyderabad
152,165,2025-11-19,330000.0,COMPLETED,CORPORATE_TRANSFER,Chennai
153,179,2025-11-19,440000.0,COMPLETED,CORPORATE_TRANSFER,Mumbai
154,39,2025-11-19,380000.0,COMPLETED,CORPORATE_TRANSFER,Chennai
155,194,2025-11-20,130000.0,COMPLETED,CORPORATE_TRANSFER,Hyderabad
156,58,2025-11-20,190000.0,COMPLETED,CORPORATE_TRANSFER,Delhi
157,15,2025-11-21,440000.0,COMPLETED,CORPORATE_TRANSFER,Hyderabad
158,143,2025-11-21,180000.0,COMPLETED,CORPORATE_TRANSFER,Hyderabad
159,63,2025-11-21,190000.0,COMPLETED,CORPORATE_TRANSFER,Delhi
160,85,2025-11-21,960000.0,COMPLETED,CORPORATE_TRANSFER,Hyderabad
161,24,2025-11-22,85000.0,COMPLETED,CORPORATE_TRANSFER,Mumbai
162,69,2025-11-22,110000.0,COMPLETED,CORPORATE_TRANSFER,Hyderabad
163,19,2025-11-22,170000.0,COMPLETED,CORPORATE_TRANSFER,Chennai
164,54,2025-11-23,540000.0,COMPLETED,CORPORATE_TRANSFER,Hyderabad
165,4,2025-11-23,170000.0,COMPLETED,CORPORATE_TRANSFER,Mumbai
166,190,2025-11-23,960000.0,COMPLETED,CORPORATE_TRANSFER,Pune
167,63,2025-11-23,340000.0,COMPLETED,CORPORATE_TRANSFER,Delhi
168,142,2025-11-24,540000.0,COMPLETED,CORPORATE_TRANSFER,Pune
169,98,2025-11-24,195000.0,COMPLETED,CORPORATE_TRANSFER,Pune
170,67,2025-11-25,720000.0,COMPLETED,CORPORATE_TRANSFER,Hyderabad
171,120,2025-11-25,960000.0,COMPLETED,CORPORATE_TRANSFER,Bengaluru
172,195,2025-11-25,360000.0,COMPLETED,CORPORATE_TRANSFER,Chennai
173,81,2025-11-26,110000.0,COMPLETED,CORPORATE_TRANSFER,Pune
174,145,2025-11-26,170000.0,COMPLETED,CORPORATE_TRANSFER,Mumbai
175,5,2025-11-26,380000.0,COMPLETED,CORPORATE_TRANSFER,Mumbai
176,40,2025-11-27,255000.0,COMPLETED,CORPORATE_TRANSFER,Mumbai
177,59,2025-11-27,220000.0,COMPLETED,CORPORATE_TRANSFER,Bengaluru
178,128,2025-11-27,540000.0,COMPLETED,CORPORATE_TRANSFER,Mumbai
179,186,2025-11-28,260000.0,COMPLETED,CORPORATE_TRANSFER,Delhi
180,44,2025-11-28,360000.0,COMPLETED,CORPORATE_TRANSFER,Delhi
181,36,2025-11-28,130000.0,COMPLETED,CORPORATE_TRANSFER,Bengaluru
182,139,2025-11-28,125000.0,COMPLETED,CORPORATE_TRANSFER,Hyderabad
183,172,2025-11-29,125000.0,COMPLETED,CORPORATE_TRANSFER,Chennai
184,36,2025-11-30,85000.0,COMPLETED,CORPORATE_TRANSFER,Bengaluru
185,182,2025-11-30,45000.0,COMPLETED,CORPORATE_TRANSFER,Pune
186,56,2025-11-30,195000.0,COMPLETED,CORPORATE_TRANSFER,Bengaluru
187,16,2025-11-30,260000.0,COMPLETED,CORPORATE_TRANSFER,Chennai
188,2,2025-12-01,110000.0,COMPLETED,CORPORATE_TRANSFER,Hyderabad
189,136,2025-12-02,285000.0,COMPLETED,CORPORATE_TRANSFER,Pune
190,129,2025-12-03,220000.0,COMPLETED,CORPORATE_TRANSFER,Mumbai
191,25,2025-12-04,90000.0,COMPLETED,CORPORATE_TRANSFER,Mumbai
192,159,2025-12-05,285000.0,COMPLETED,CORPORATE_TRANSFER,Delhi
193,69,2025-12-05,110000.0,COMPLETED,CORPORATE_TRANSFER,Hyderabad
194,104,2025-12-06,130000.0,COMPLETED,CORPORATE_TRANSFER,Chennai
195,179,2025-12-06,255000.0,COMPLETED,CORPORATE_TRANSFER,Mumbai
196,176,2025-12-06,240000.0,COMPLETED,CORPORATE_TRANSFER,Hyderabad
197,104,2025-12-07,440000.0,COMPLETED,CORPORATE_TRANSFER,Chennai
198,122,2025-12-08,125000.0,COMPLETED,CORPORATE_TRANSFER,Chennai
199,180,2025-12-08,45000.0,COMPLETED,CORPORATE_TRANSFER,Hyderabad
200,128,2025-12-08,330000.0,COMPLETED,CORPORATE_TRANSFER,Mumbai
201,145,2025-12-08,240000.0,COMPLETED,CORPORATE_TRANSFER,Mumbai
202,59,2025-12-08,340000.0,COMPLETED,CORPORATE_TRANSFER,Bengaluru
203,12,2025-12-09,720000.0,COMPLETED,CORPORATE_TRANSFER,Delhi
204,140,2025-12-09,250000.0,COMPLETED,CORPORATE_TRANSFER,Delhi
205,81,2025-12-09,250000.0,COMPLETED,CORPORATE_TRANSFER,Pune
206,37,2025-12-10,110000.0,COMPLETED,CORPORATE_TRANSFER,Chennai
207,77,2025-12-10,90000.0,COMPLETED,CORPORATE_TRANSFER,Pune
208,146,2025-12-10,330000.0,COMPLETED,CORPORATE_TRANSFER,Hyderabad
209,99,2025-12-10,45000.0,COMPLETED,CORPORATE_TRANSFER,Hyderabad
210,129,2025-12-10,180000.0,COMPLETED,CORPORATE_TRANSFER,Mumbai
211,112,2025-12-11,85000.0,COMPLETED,CORPORATE_TRANSFER,Hyderabad
212,155,2025-12-12,330000.0,COMPLETED,CORPORATE_TRANSFER,Pune
213,8,2025-12-12,380000.0,COMPLETED,CORPORATE_TRANSFER,Chennai
214,126,2025-12-12,255000.0,COMPLETED,CORPORATE_TRANSFER,Bengaluru
215,97,2025-12-13,220000.0,COMPLETED,CORPORATE_TRANSFER,Pune
216,175,2025-12-13,110000.0,COMPLETED,CORPORATE_TRANSFER,Delhi
217,198,2025-12-13,190000.0,COMPLETED,CORPORATE_TRANSFER,Chennai
218,183,2025-12-13,240000.0,COMPLETED,CORPORATE_TRANSFER,Hyderabad
219,69,2025-12-13,180000.0,COMPLETED,CORPORATE_TRANSFER,Hyderabad
220,190,2025-12-14,330000.0,COMPLETED,CORPORATE_TRANSFER,Pune
221,93,2025-12-14,240000.0,COMPLETED,CORPORATE_TRANSFER,Delhi
222,79,2025-12-15,195000.0,COMPLETED,CORPORATE_TRANSFER,Delhi
223,27,2025-12-16,45000.0,COMPLETED,CORPORATE_TRANSFER,Bengaluru
224,48,2025-12-16,440000.0,COMPLETED,CORPORATE_TRANSFER,Pune
225,143,2025-12-16,110000.0,COMPLETED,CORPORATE_TRANSFER,Hyderabad
226,23,2025-12-17,180000.0,COMPLETED,CORPORATE_TRANSFER,Chennai
227,154,2025-12-18,720000.0,COMPLETED,CORPORATE_TRANSFER,Chennai
228,4,2025-12-18,380000.0,COMPLETED,CORPORATE_TRANSFER,Mumbai
229,100,2025-12-18,480000.0,COMPLETED,CORPORATE_TRANSFER,Bengaluru
230,147,2025-12-18,180000.0,COMPLETED,CORPORATE_TRANSFER,Mumbai
231,44,2025-12-18,135000.0,COMPLETED,CORPORATE_TRANSFER,Delhi
232,69,2025-12-19,130000.0,COMPLETED,CORPORATE_TRANSFER,Hyderabad
233,17,2025-12-19,180000.0,COMPLETED,CORPORATE_TRANSFER,Pune
234,71,2025-12-19,330000.0,COMPLETED,CORPORATE_TRANSFER,Hyderabad
235,20,2025-12-20,540000.0,COMPLETED,CORPORATE_TRANSFER,Delhi
236,64,2025-12-20,130000.0,COMPLETED,CORPORATE_TRANSFER,Delhi
237,118,2025-12-20,480000.0,COMPLETED,CORPORATE_TRANSFER,Mumbai
238,78,2025-12-20,500000.0,COMPLETED,CORPORATE_TRANSFER,Bengaluru
239,159,2025-12-21,330000.0,COMPLETED,CORPORATE_TRANSFER,Delhi
240,113,2025-12-21,720000.0,COMPLETED,CORPORATE_TRANSFER,Bengaluru
241,167,2025-12-21,135000.0,COMPLETED,CORPORATE_TRANSFER,Chennai
242,155,2025-12-22,340000.0,COMPLETED,CORPORATE_TRANSFER,Pune
243,81,2025-12-22,180000.0,COMPLETED,CORPORATE_TRANSFER,Pune
244,82,2025-12-22,380000.0,COMPLETED,CORPORATE_TRANSFER,Hyderabad
245,63,2025-12-23,720000.0,COMPLETED,CORPORATE_TRANSFER,Delhi
246,72,2025-12-23,330000.0,COMPLETED,CORPORATE_TRANSFER,Hyderabad
247,30,2025-12-23,170000.0,COMPLETED,CORPORATE_TRANSFER,Pune
248,175,2025-12-23,500000.0,COMPLETED,CORPORATE_TRANSFER,Delhi
249,182,2025-12-23,340000.0,COMPLETED,CORPORATE_TRANSFER,Pune
250,178,2025-12-24,960000.0,COMPLETED,CORPORATE_TRANSFER,Bengaluru
251,173,2025-12-24,130000.0,COMPLETED,CORPORATE_TRANSFER,Bengaluru
252,163,2025-12-24,190000.0,COMPLETED,CORPORATE_TRANSFER,Bengaluru
253,169,2025-12-25,180000.0,COMPLETED,CORPORATE_TRANSFER,Bengaluru
254,97,2025-12-25,960000.0,COMPLETED,CORPORATE_TRANSFER,Pune
255,154,2025-12-25,260000.0,COMPLETED,CORPORATE_TRANSFER,Chennai
256,130,2025-12-26,110000.0,COMPLETED,CORPORATE_TRANSFER,Hyderabad
257,93,2025-12-26,240000.0,COMPLETED,CORPORATE_TRANSFER,Delhi
258,197,2025-12-26,255000.0,COMPLETED,CORPORATE_TRANSFER,Delhi
259,43,2025-12-26,500000.0,COMPLETED,CORPORATE_TRANSFER,Chennai
260,193,2025-12-26,720000.0,COMPLETED,CORPORATE_TRANSFER,Bengaluru
261,3,2025-12-27,720000.0,COMPLETED,CORPORATE_TRANSFER,Chennai
262,131,2025-12-28,340000.0,COMPLETED,CORPORATE_TRANSFER,Pune
263,96,2025-12-28,440000.0,COMPLETED,CORPORATE_TRANSFER,Chennai
264,177,2025-12-29,135000.0,COMPLETED,CORPORATE_TRANSFER,Mumbai
265,7,2025-12-29,65000.0,COMPLETED,CORPORATE_TRANSFER,Mumbai
266,76,2025-12-29,110000.0,COMPLETED,CORPORATE_TRANSFER,Hyderabad
267,30,2025-12-29,135000.0,COMPLETED,CORPORATE_TRANSFER,Pune
268,80,2025-12-29,720000.0,COMPLETED,CORPORATE_TRANSFER,Chennai
269,134,2025-12-30,195000.0,COMPLETED,CORPORATE_TRANSFER,Hyderabad
270,122,2025-12-30,960000.0,COMPLETED,CORPORATE_TRANSFER,Chennai
271,82,2025-12-31,720000.0,COMPLETED,CORPORATE_TRANSFER,Hyderabad
272,12,2025-12-31,240000.0,COMPLETED,CORPORATE_TRANSFER,Delhi
273,88,2025-12-31,480000.0,COMPLETED,CORPORATE_TRANSFER,Mumbai
274,190,2025-12-31,170000.0,COMPLETED,CORPORATE_TRANSFER,Pune
275,41,2026-01-01,720000.0,COMPLETED,CORPORATE_TRANSFER,Bengaluru
276,119,2026-01-01,340000.0,COMPLETED,CORPORATE_TRANSFER,Chennai
277,162,2026-01-01,90000.0,COMPLETED,CORPORATE_TRANSFER,Delhi
278,164,2026-01-01,440000.0,COMPLETED,CORPORATE_TRANSFER,Mumbai
279,8,2026-01-01,340000.0,COMPLETED,CORPORATE_TRANSFER,Chennai
280,110,2026-01-02,110000.0,COMPLETED,CORPORATE_TRANSFER,Chennai
281,181,2026-01-02,170000.0,COMPLETED,CORPORATE_TRANSFER,Mumbai
282,72,2026-01-02,240000.0,COMPLETED,CORPORATE_TRANSFER,Hyderabad
283,138,2026-01-02,135000.0,COMPLETED,CORPORATE_TRANSFER,Bengaluru
284,84,2026-01-02,340000.0,COMPLETED,CORPORATE_TRANSFER,Mumbai
285,68,2026-01-03,195000.0,COMPLETED,CORPORATE_TRANSFER,Hyderabad
286,100,2026-01-04,110000.0,COMPLETED,CORPORATE_TRANSFER,Bengaluru
287,90,2026-01-04,720000.0,COMPLETED,CORPORATE_TRANSFER,Bengaluru
288,159,2026-01-04,135000.0,COMPLETED,CORPORATE_TRANSFER,Delhi
289,158,2026-01-04,480000.0,COMPLETED,CORPORATE_TRANSFER,Pune
290,81,2026-01-04,480000.0,COMPLETED,CORPORATE_TRANSFER,Pune
291,30,2026-01-05,135000.0,COMPLETED,CORPORATE_TRANSFER,Pune
292,178,2026-01-05,180000.0,COMPLETED,CORPORATE_TRANSFER,Bengaluru
293,108,2026-01-05,180000.0,COMPLETED,CORPORATE_TRANSFER,Delhi
294,48,2026-01-06,130000.0,COMPLETED,CORPORATE_TRANSFER,Pune
295,143,2026-01-06,180000.0,COMPLETED,CORPORATE_TRANSFER,Hyderabad
296,74,2026-01-06,90000.0,COMPLETED,CORPORATE_TRANSFER,Pune
297,81,2026-01-06,65000.0,COMPLETED,CORPORATE_TRANSFER,Pune
298,3,2026-01-07,130000.0,COMPLETED,CORPORATE_TRANSFER,Chennai
299,50,2026-01-07,440000.0,COMPLETED,CORPORATE_TRANSFER,Pune
300,105,2026-01-07,260000.0,COMPLETED,CORPORATE_TRANSFER,Delhi
301,126,2026-01-08,45000.0,COMPLETED,CORPORATE_TRANSFER,Bengaluru
302,145,2026-01-08,250000.0,COMPLETED,CORPORATE_TRANSFER,Mumbai
303,75,2026-01-08,375000.0,COMPLETED,CORPORATE_TRANSFER,Bengaluru
304,58,2026-01-08,190000.0,COMPLETED,CORPORATE_TRANSFER,Delhi
305,145,2026-01-09,65000.0,COMPLETED,CORPORATE_TRANSFER,Mumbai
306,147,2026-01-09,720000.0,COMPLETED,CORPORATE_TRANSFER,Mumbai
307,199,2026-01-09,180000.0,COMPLETED,CORPORATE_TRANSFER,Bengaluru
308,195,2026-01-09,130000.0,COMPLETED,CORPORATE_TRANSFER,Chennai
309,27,2026-01-10,255000.0,COMPLETED,CORPORATE_TRANSFER,Bengaluru
310,9,2026-01-10,195000.0,COMPLETED,CORPORATE_TRANSFER,Bengaluru
311,90,2026-01-10,960000.0,COMPLETED,CORPORATE_TRANSFER,Bengaluru
312,31,2026-01-10,170000.0,COMPLETED,CORPORATE_TRANSFER,Pune
313,177,2026-01-11,720000.0,COMPLETED,CORPORATE_TRANSFER,Mumbai
314,43,2026-01-11,90000.0,COMPLETED,CORPORATE_TRANSFER,Chennai
315,53,2026-01-11,375000.0,COMPLETED,CORPORATE_TRANSFER,Pune
316,137,2026-01-11,190000.0,COMPLETED,CORPORATE_TRANSFER,Pune
317,83,2026-01-11,285000.0,COMPLETED,CORPORATE_TRANSFER,Bengaluru
318,69,2026-01-12,480000.0,COMPLETED,CORPORATE_TRANSFER,Hyderabad
319,193,2026-01-12,110000.0,COMPLETED,CORPORATE_TRANSFER,Bengaluru
320,71,2026-01-12,90000.0,COMPLETED,CORPORATE_TRANSFER,Hyderabad
321,64,2026-01-12,135000.0,COMPLETED,CORPORATE_TRANSFER,Delhi
322,64,2026-01-12,440000.0,COMPLETED,CORPORATE_TRANSFER,Delhi
323,148,2026-01-13,380000.0,COMPLETED,CORPORATE_TRANSFER,Mumbai
324,97,2026-01-13,65000.0,COMPLETED,CORPORATE_TRANSFER,Pune
325,104,2026-01-14,285000.0,COMPLETED,CORPORATE_TRANSFER,Chennai
326,125,2026-01-15,180000.0,COMPLETED,CORPORATE_TRANSFER,Delhi
327,199,2026-01-15,960000.0,COMPLETED,CORPORATE_TRANSFER,Bengaluru
328,163,2026-01-15,180000.0,COMPLETED,CORPORATE_TRANSFER,Bengaluru
329,137,2026-01-15,220000.0,COMPLETED,CORPORATE_TRANSFER,Pune
330,55,2026-01-16,195000.0,COMPLETED,CORPORATE_TRANSFER,Pune
331,83,2026-01-16,285000.0,COMPLETED,CORPORATE_TRANSFER,Bengaluru
332,141,2026-01-16,180000.0,COMPLETED,CORPORATE_TRANSFER,Hyderabad
333,88,2026-01-16,125000.0,COMPLETED,CORPORATE_TRANSFER,Mumbai
334,161,2026-01-17,65000.0,COMPLETED,CORPORATE_TRANSFER,Delhi
335,41,2026-01-18,260000.0,COMPLETED,CORPORATE_TRANSFER,Bengaluru
336,110,2026-01-19,170000.0,COMPLETED,CORPORATE_TRANSFER,Chennai
337,41,2026-01-20,95000.0,COMPLETED,CORPORATE_TRANSFER,Bengaluru
338,168,2026-01-20,540000.0,COMPLETED,CORPORATE_TRANSFER,Mumbai
339,22,2026-01-20,360000.0,COMPLETED,CORPORATE_TRANSFER,Hyderabad
340,102,2026-01-21,190000.0,COMPLETED,CORPORATE_TRANSFER,Delhi
341,168,2026-01-22,240000.0,COMPLETED,CORPORATE_TRANSFER,Mumbai
342,1,2026-01-22,340000.0,COMPLETED,CORPORATE_TRANSFER,Chennai
343,20,2026-01-22,90000.0,COMPLETED,CORPORATE_TRANSFER,Delhi
344,133,2026-01-22,65000.0,COMPLETED,CORPORATE_TRANSFER,Bengaluru
345,179,2026-01-23,180000.0,COMPLETED,CORPORATE_TRANSFER,Mumbai
346,178,2026-01-24,180000.0,COMPLETED,CORPORATE_TRANSFER,Bengaluru
347,19,2026-01-24,340000.0,COMPLETED,CORPORATE_TRANSFER,Chennai
348,23,2026-01-24,240000.0,COMPLETED,CORPORATE_TRANSFER,Chennai
349,81,2026-01-24,540000.0,COMPLETED,CORPORATE_TRANSFER,Pune
350,98,2026-01-25,90000.0,COMPLETED,CORPORATE_TRANSFER,Pune
351,18,2026-01-25,250000.0,COMPLETED,CORPORATE_TRANSFER,Bengaluru
352,90,2026-01-26,170000.0,COMPLETED,CORPORATE_TRANSFER,Bengaluru
353,106,2026-01-26,130000.0,COMPLETED,CORPORATE_TRANSFER,Bengaluru
354,23,2026-01-26,480000.0,COMPLETED,CORPORATE_TRANSFER,Chennai
355,193,2026-01-26,960000.0,COMPLETED,CORPORATE_TRANSFER,Bengaluru
356,110,2026-01-27,360000.0,COMPLETED,CORPORATE_TRANSFER,Chennai
357,64,2026-01-27,95000.0,COMPLETED,CORPORATE_TRANSFER,Delhi
358,64,2026-01-27,95000.0,COMPLETED,CORPORATE_TRANSFER,Delhi
359,53,2026-01-28,340000.0,COMPLETED,CORPORATE_TRANSFER,Pune
360,76,2026-01-28,250000.0,COMPLETED,CORPORATE_TRANSFER,Hyderabad
361,127,2026-01-28,110000.0,COMPLETED,CORPORATE_TRANSFER,Chennai
362,128,2026-01-29,240000.0,COMPLETED,CORPORATE_TRANSFER,Mumbai
363,93,2026-01-29,360000.0,COMPLETED,CORPORATE_TRANSFER,Delhi
364,146,2026-01-30,330000.0,COMPLETED,CORPORATE_TRANSFER,Hyderabad
365,140,2026-01-30,180000.0,COMPLETED,CORPORATE_TRANSFER,Delhi
366,198,2026-01-30,240000.0,COMPLETED,CORPORATE_TRANSFER,Chennai
367,151,2026-01-30,240000.0,COMPLETED,CORPORATE_TRANSFER,Hyderabad
368,56,2026-01-31,125000.0,COMPLETED,CORPORATE_TRANSFER,Bengaluru
369,102,2026-01-31,380000.0,COMPLETED,CORPORATE_TRANSFER,Delhi
370,109,2026-01-31,110000.0,COMPLETED,CORPORATE_TRANSFER,Mumbai
371,138,2026-02-01,135000.0,COMPLETED,CORPORATE_TRANSFER,Bengaluru
372,22,2026-02-01,95000.0,COMPLETED,CORPORATE_TRANSFER,Hyderabad
373,131,2026-02-01,170000.0,COMPLETED,CORPORATE_TRANSFER,Pune
374,138,2026-02-01,720000.0,COMPLETED,CORPORATE_TRANSFER,Bengaluru
375,151,2026-02-01,720000.0,COMPLETED,CORPORATE_TRANSFER,Hyderabad
376,187,2026-02-02,85000.0,COMPLETED,CORPORATE_TRANSFER,Hyderabad
377,63,2026-02-02,960000.0,COMPLETED,CORPORATE_TRANSFER,Delhi
378,30,2026-02-02,65000.0,COMPLETED,CORPORATE_TRANSFER,Pune
379,80,2026-02-02,45000.0,COMPLETED,CORPORATE_TRANSFER,Chennai
380,182,2026-02-03,45000.0,COMPLETED,CORPORATE_TRANSFER,Pune
381,128,2026-02-04,540000.0,COMPLETED,CORPORATE_TRANSFER,Mumbai
382,43,2026-02-04,360000.0,COMPLETED,CORPORATE_TRANSFER,Chennai
383,188,2026-02-05,240000.0,COMPLETED,CORPORATE_TRANSFER,Bengaluru
384,86,2026-02-05,330000.0,COMPLETED,CORPORATE_TRANSFER,Hyderabad
385,135,2026-02-05,720000.0,COMPLETED,CORPORATE_TRANSFER,Hyderabad
386,161,2026-02-06,960000.0,COMPLETED,CORPORATE_TRANSFER,Delhi
387,117,2026-02-06,180000.0,COMPLETED,CORPORATE_TRANSFER,Chennai
388,128,2026-02-06,135000.0,COMPLETED,CORPORATE_TRANSFER,Mumbai
389,41,2026-02-06,95000.0,COMPLETED,CORPORATE_TRANSFER,Bengaluru
390,147,2026-02-06,480000.0,COMPLETED,CORPORATE_TRANSFER,Mumbai
391,1,2026-02-07,125000.0,COMPLETED,CORPORATE_TRANSFER,Chennai
392,63,2026-02-07,500000.0,COMPLETED,CORPORATE_TRANSFER,Delhi
393,94,2026-02-07,220000.0,COMPLETED,CORPORATE_TRANSFER,Chennai
394,46,2026-02-07,500000.0,COMPLETED,CORPORATE_TRANSFER,Mumbai
395,58,2026-02-07,360000.0,COMPLETED,CORPORATE_TRANSFER,Delhi
396,185,2026-02-08,540000.0,COMPLETED,CORPORATE_TRANSFER,Bengaluru
397,20,2026-02-08,180000.0,COMPLETED,CORPORATE_TRANSFER,Delhi
398,129,2026-02-08,250000.0,COMPLETED,CORPORATE_TRANSFER,Mumbai
399,58,2026-02-08,500000.0,COMPLETED,CORPORATE_TRANSFER,Delhi
400,120,2026-02-09,285000.0,COMPLETED,CORPORATE_TRANSFER,Bengaluru
401,23,2026-02-10,65000.0,COMPLETED,CORPORATE_TRANSFER,Chennai
402,95,2026-02-10,255000.0,COMPLETED,CORPORATE_TRANSFER,Delhi
403,145,2026-02-10,190000.0,COMPLETED,CORPORATE_TRANSFER,Mumbai
404,95,2026-02-11,130000.0,COMPLETED,CORPORATE_TRANSFER,Delhi
405,188,2026-02-11,170000.0,COMPLETED,CORPORATE_TRANSFER,Bengaluru
406,2,2026-02-11,110000.0,COMPLETED,CORPORATE_TRANSFER,Hyderabad
407,60,2026-02-11,180000.0,COMPLETED,CORPORATE_TRANSFER,Bengaluru
408,1,2026-02-12,330000.0,COMPLETED,CORPORATE_TRANSFER,Chennai
409,27,2026-02-12,170000.0,COMPLETED,CORPORATE_TRANSFER,Bengaluru
410,108,2026-02-12,65000.0,COMPLETED,CORPORATE_TRANSFER,Delhi
411,183,2026-02-13,95000.0,COMPLETED,CORPORATE_TRANSFER,Hyderabad
412,12,2026-02-13,340000.0,COMPLETED,CORPORATE_TRANSFER,Delhi
413,118,2026-02-14,240000.0,COMPLETED,CORPORATE_TRANSFER,Mumbai
414,130,2026-02-14,180000.0,COMPLETED,CORPORATE_TRANSFER,Hyderabad
415,20,2026-02-14,500000.0,COMPLETED,CORPORATE_TRANSFER,Delhi
416,61,2026-02-15,285000.0,COMPLETED,CORPORATE_TRANSFER,Bengaluru
417,81,2026-02-15,330000.0,COMPLETED,CORPORATE_TRANSFER,Pune
418,116,2026-02-16,190000.0,COMPLETED,CORPORATE_TRANSFER,Delhi
419,20,2026-02-16,170000.0,COMPLETED,CORPORATE_TRANSFER,Delhi
420,200,2026-02-16,480000.0,COMPLETED,CORPORATE_TRANSFER,Hyderabad
421,43,2026-02-17,260000.0,COMPLETED,CORPORATE_TRANSFER,Chennai
422,105,2026-02-18,720000.0,COMPLETED,CORPORATE_TRANSFER,Delhi
423,198,2026-02-18,340000.0,COMPLETED,CORPORATE_TRANSFER,Chennai
424,79,2026-02-18,195000.0,COMPLETED,CORPORATE_TRANSFER,Delhi
425,24,2026-02-19,135000.0,COMPLETED,CORPORATE_TRANSFER,Mumbai
426,11,2026-02-20,255000.0,COMPLETED,CORPORATE_TRANSFER,Delhi
427,38,2026-02-20,480000.0,COMPLETED,CORPORATE_TRANSFER,Delhi
428,92,2026-02-20,110000.0,COMPLETED,CORPORATE_TRANSFER,Hyderabad
429,174,2026-02-20,285000.0,COMPLETED,CORPORATE_TRANSFER,Pune
430,45,2026-02-20,500000.0,COMPLETED,CORPORATE_TRANSFER,Hyderabad
431,143,2026-02-21,85000.0,COMPLETED,CORPORATE_TRANSFER,Hyderabad
432,119,2026-02-21,480000.0,COMPLETED,CORPORATE_TRANSFER,Chennai
433,32,2026-02-21,125000.0,COMPLETED,CORPORATE_TRANSFER,Pune
434,200,2026-02-21,170000.0,COMPLETED,CORPORATE_TRANSFER,Hyderabad
435,103,2026-02-22,180000.0,COMPLETED,CORPORATE_TRANSFER,Chennai
436,150,2026-02-22,95000.0,COMPLETED,CORPORATE_TRANSFER,Hyderabad
437,17,2026-02-23,340000.0,COMPLETED,CORPORATE_TRANSFER,Pune
438,24,2026-02-24,180000.0,COMPLETED,CORPORATE_TRANSFER,Mumbai
439,11,2026-02-24,65000.0,COMPLETED,CORPORATE_TRANSFER,Delhi
440,147,2026-02-25,440000.0,COMPLETED,CORPORATE_TRANSFER,Mumbai
441,128,2026-02-25,500000.0,COMPLETED,CORPORATE_TRANSFER,Mumbai
442,45,2026-02-26,360000.0,COMPLETED,CORPORATE_TRANSFER,Hyderabad
443,48,2026-02-26,285000.0,COMPLETED,CORPORATE_TRANSFER,Pune
444,115,2026-02-26,45000.0,COMPLETED,CORPORATE_TRANSFER,Bengaluru
445,158,2026-02-26,255000.0,COMPLETED,CORPORATE_TRANSFER,Pune
446,106,2026-02-27,65000.0,COMPLETED,CORPORATE_TRANSFER,Bengaluru
447,23,2026-02-27,380000.0,COMPLETED,CORPORATE_TRANSFER,Chennai
448,36,2026-02-27,220000.0,COMPLETED,CORPORATE_TRANSFER,Bengaluru
449,165,2026-02-27,85000.0,COMPLETED,CORPORATE_TRANSFER,Chennai
450,183,2026-02-28,720000.0,COMPLETED,CORPORATE_TRANSFER,Hyderabad
451,140,2026-02-28,195000.0,COMPLETED,CORPORATE_TRANSFER,Delhi
452,145,2026-02-28,720000.0,COMPLETED,CORPORATE_TRANSFER,Mumbai
453,70,2026-02-28,45000.0,COMPLETED,CORPORATE_TRANSFER,Hyderabad
454,153,2026-03-01,85000.0,COMPLETED,CORPORATE_TRANSFER,Pune
455,200,2026-03-01,95000.0,COMPLETED,CORPORATE_TRANSFER,Hyderabad
456,121,2026-03-01,360000.0,COMPLETED,CORPORATE_TRANSFER,Delhi
457,26,2026-03-02,170000.0,COMPLETED,CORPORATE_TRANSFER,Hyderabad
458,69,2026-03-02,250000.0,COMPLETED,CORPORATE_TRANSFER,Hyderabad
459,100,2026-03-03,360000.0,COMPLETED,CORPORATE_TRANSFER,Bengaluru
460,46,2026-03-03,255000.0,COMPLETED,CORPORATE_TRANSFER,Mumbai
461,189,2026-03-03,180000.0,COMPLETED,CORPORATE_TRANSFER,Delhi
462,181,2026-03-03,360000.0,COMPLETED,CORPORATE_TRANSFER,Mumbai
463,145,2026-03-03,340000.0,COMPLETED,CORPORATE_TRANSFER,Mumbai
464,80,2026-03-04,180000.0,COMPLETED,CORPORATE_TRANSFER,Chennai
465,10,2026-03-04,240000.0,COMPLETED,CORPORATE_TRANSFER,Hyderabad
466,60,2026-03-04,85000.0,COMPLETED,CORPORATE_TRANSFER,Bengaluru
467,135,2026-03-04,65000.0,COMPLETED,CORPORATE_TRANSFER,Hyderabad
468,85,2026-03-04,170000.0,COMPLETED,CORPORATE_TRANSFER,Hyderabad
469,184,2026-03-05,135000.0,COMPLETED,CORPORATE_TRANSFER,Mumbai
470,16,2026-03-05,250000.0,COMPLETED,CORPORATE_TRANSFER,Chennai
471,151,2026-03-05,45000.0,COMPLETED,CORPORATE_TRANSFER,Hyderabad
472,94,2026-03-06,720000.0,COMPLETED,CORPORATE_TRANSFER,Chennai
473,181,2026-03-06,110000.0,COMPLETED,CORPORATE_TRANSFER,Mumbai
474,87,2026-03-06,285000.0,COMPLETED,CORPORATE_TRANSFER,Delhi
475,35,2026-03-06,180000.0,COMPLETED,CORPORATE_TRANSFER,Bengaluru
476,164,2026-03-06,195000.0,COMPLETED,CORPORATE_TRANSFER,Mumbai
477,182,2026-03-07,360000.0,COMPLETED,CORPORATE_TRANSFER,Pune
478,171,2026-03-07,180000.0,COMPLETED,CORPORATE_TRANSFER,Mumbai
479,188,2026-03-08,190000.0,COMPLETED,CORPORATE_TRANSFER,Bengaluru
480,46,2026-03-08,500000.0,COMPLETED,CORPORATE_TRANSFER,Mumbai
481,198,2026-03-08,250000.0,COMPLETED,CORPORATE_TRANSFER,Chennai
482,82,2026-03-09,85000.0,COMPLETED,CORPORATE_TRANSFER,Hyderabad
483,128,2026-03-09,135000.0,COMPLETED,CORPORATE_TRANSFER,Mumbai
484,191,2026-03-09,480000.0,COMPLETED,CORPORATE_TRANSFER,Mumbai
485,89,2026-03-09,360000.0,COMPLETED,CORPORATE_TRANSFER,Delhi
486,163,2026-03-09,720000.0,COMPLETED,CORPORATE_TRANSFER,Bengaluru
487,3,2026-03-10,190000.0,COMPLETED,CORPORATE_TRANSFER,Chennai
488,64,2026-03-10,720000.0,COMPLETED,CORPORATE_TRANSFER,Delhi
489,66,2026-03-10,240000.0,COMPLETED,CORPORATE_TRANSFER,Mumbai
490,13,2026-03-10,440000.0,COMPLETED,CORPORATE_TRANSFER,Hyderabad
491,43,2026-03-11,440000.0,COMPLETED,CORPORATE_TRANSFER,Chennai
492,97,2026-03-11,720000.0,COMPLETED,CORPORATE_TRANSFER,Pune
493,26,2026-03-11,130000.0,COMPLETED,CORPORATE_TRANSFER,Hyderabad
494,42,2026-03-11,65000.0,COMPLETED,CORPORATE_TRANSFER,Bengaluru
495,76,2026-03-12,375000.0,COMPLETED,CORPORATE_TRANSFER,Hyderabad
496,27,2026-03-13,720000.0,COMPLETED,CORPORATE_TRANSFER,Bengaluru
497,44,2026-03-13,220000.0,COMPLETED,CORPORATE_TRANSFER,Delhi
498,188,2026-03-13,240000.0,COMPLETED,CORPORATE_TRANSFER,Bengaluru
499,153,2026-03-14,65000.0,COMPLETED,CORPORATE_TRANSFER,Pune
500,111,2026-03-14,180000.0,COMPLETED,CORPORATE_TRANSFER,Mumbai
501,41,2026-03-14,125000.0,COMPLETED,CORPORATE_TRANSFER,Bengaluru
502,53,2026-03-15,340000.0,COMPLETED,CORPORATE_TRANSFER,Pune
503,179,2026-03-15,285000.0,COMPLETED,CORPORATE_TRANSFER,Mumbai
504,77,2026-03-15,85000.0,COMPLETED,CORPORATE_TRANSFER,Pune
505,101,2026-03-16,130000.0,COMPLETED,CORPORATE_TRANSFER,Hyderabad
506,93,2026-03-17,500000.0,COMPLETED,CORPORATE_TRANSFER,Delhi
507,76,2026-03-18,130000.0,COMPLETED,CORPORATE_TRANSFER,Hyderabad
508,7,2026-03-19,170000.0,COMPLETED,CORPORATE_TRANSFER,Mumbai
509,21,2026-03-20,65000.0,COMPLETED,CORPORATE_TRANSFER,Bengaluru
510,79,2026-03-20,440000.0,COMPLETED,CORPORATE_TRANSFER,Delhi
511,126,2026-03-20,95000.0,COMPLETED,CORPORATE_TRANSFER,Bengaluru
512,100,2026-03-21,135000.0,COMPLETED,CORPORATE_TRANSFER,Bengaluru
513,98,2026-03-21,360000.0,COMPLETED,CORPORATE_TRANSFER,Pune
514,115,2026-03-21,375000.0,COMPLETED,CORPORATE_TRANSFER,Bengaluru
515,113,2026-03-21,195000.0,COMPLETED,CORPORATE_TRANSFER,Bengaluru
516,58,2026-03-21,95000.0,COMPLETED,CORPORATE_TRANSFER,Delhi
517,193,2026-03-22,240000.0,COMPLETED,CORPORATE_TRANSFER,Bengaluru
518,172,2026-03-22,720000.0,COMPLETED,CORPORATE_TRANSFER,Chennai
519,59,2026-03-23,500000.0,COMPLETED,CORPORATE_TRANSFER,Bengaluru
520,134,2026-03-23,440000.0,COMPLETED,CORPORATE_TRANSFER,Hyderabad
521,147,2026-03-23,340000.0,COMPLETED,CORPORATE_TRANSFER,Mumbai
522,77,2026-03-23,960000.0,COMPLETED,CORPORATE_TRANSFER,Pune
523,183,2026-03-23,250000.0,COMPLETED,CORPORATE_TRANSFER,Hyderabad
524,194,2026-03-24,130000.0,COMPLETED,CORPORATE_TRANSFER,Hyderabad
525,55,2026-03-25,170000.0,COMPLETED,CORPORATE_TRANSFER,Pune
526,11,2026-03-25,110000.0,COMPLETED,CORPORATE_TRANSFER,Delhi
527,52,2026-03-26,135000.0,COMPLETED,CORPORATE_TRANSFER,Delhi
528,82,2026-03-26,240000.0,COMPLETED,CORPORATE_TRANSFER,Hyderabad
529,100,2026-03-26,330000.0,COMPLETED,CORPORATE_TRANSFER,Bengaluru
530,71,2026-03-26,65000.0,COMPLETED,CORPORATE_TRANSFER,Hyderabad
531,151,2026-03-27,110000.0,COMPLETED,CORPORATE_TRANSFER,Hyderabad
532,107,2026-03-27,90000.0,COMPLETED,CORPORATE_TRANSFER,Chennai
533,146,2026-03-27,240000.0,COMPLETED,CORPORATE_TRANSFER,Hyderabad
534,145,2026-03-27,720000.0,COMPLETED,CORPORATE_TRANSFER,Mumbai
535,138,2026-03-27,720000.0,COMPLETED,CORPORATE_TRANSFER,Bengaluru
536,99,2026-03-28,260000.0,COMPLETED,CORPORATE_TRANSFER,Hyderabad
537,10,2026-03-28,135000.0,COMPLETED,CORPORATE_TRANSFER,Hyderabad
538,104,2026-03-28,180000.0,COMPLETED,CORPORATE_TRANSFER,Chennai
539,102,2026-03-29,360000.0,COMPLETED,CORPORATE_TRANSFER,Delhi
540,191,2026-03-30,195000.0,COMPLETED,CORPORATE_TRANSFER,Mumbai
541,6,2026-03-31,540000.0,COMPLETED,CORPORATE_TRANSFER,Chennai
542,80,2026-03-31,380000.0,COMPLETED,CORPORATE_TRANSFER,Chennai
543,179,2026-03-31,480000.0,COMPLETED,CORPORATE_TRANSFER,Mumbai
544,77,2026-04-01,195000.0,COMPLETED,CORPORATE_TRANSFER,Pune
545,69,2026-04-01,110000.0,COMPLETED,CORPORATE_TRANSFER,Hyderabad
546,114,2026-04-02,340000.0,COMPLETED,CORPORATE_TRANSFER,Mumbai
547,190,2026-04-02,195000.0,COMPLETED,CORPORATE_TRANSFER,Pune
548,132,2026-04-03,45000.0,COMPLETED,CORPORATE_TRANSFER,Bengaluru
549,182,2026-04-04,220000.0,COMPLETED,CORPORATE_TRANSFER,Pune
550,200,2026-04-04,250000.0,COMPLETED,CORPORATE_TRANSFER,Hyderabad
551,50,2026-04-04,85000.0,COMPLETED,CORPORATE_TRANSFER,Pune
552,9,2026-04-05,65000.0,COMPLETED,CORPORATE_TRANSFER,Bengaluru
553,93,2026-04-05,255000.0,COMPLETED,CORPORATE_TRANSFER,Delhi
554,119,2026-04-06,110000.0,COMPLETED,CORPORATE_TRANSFER,Chennai
555,175,2026-04-06,250000.0,COMPLETED,CORPORATE_TRANSFER,Delhi
556,96,2026-04-06,260000.0,COMPLETED,CORPORATE_TRANSFER,Chennai
557,122,2026-04-07,540000.0,COMPLETED,CORPORATE_TRANSFER,Chennai
558,42,2026-04-07,95000.0,COMPLETED,CORPORATE_TRANSFER,Bengaluru
559,8,2026-04-08,110000.0,COMPLETED,CORPORATE_TRANSFER,Chennai
560,42,2026-04-08,170000.0,COMPLETED,CORPORATE_TRANSFER,Bengaluru
561,166,2026-04-08,170000.0,COMPLETED,CORPORATE_TRANSFER,Chennai
562,167,2026-04-09,110000.0,COMPLETED,CORPORATE_TRANSFER,Chennai
563,200,2026-04-09,500000.0,COMPLETED,CORPORATE_TRANSFER,Hyderabad
564,34,2026-04-09,45000.0,COMPLETED,CORPORATE_TRANSFER,Pune
565,65,2026-04-10,285000.0,COMPLETED,CORPORATE_TRANSFER,Pune
566,109,2026-04-10,330000.0,COMPLETED,CORPORATE_TRANSFER,Mumbai
567,65,2026-04-11,340000.0,COMPLETED,CORPORATE_TRANSFER,Pune
568,78,2026-04-11,110000.0,COMPLETED,CORPORATE_TRANSFER,Bengaluru
569,2,2026-04-11,540000.0,COMPLETED,CORPORATE_TRANSFER,Hyderabad
570,77,2026-04-11,960000.0,COMPLETED,CORPORATE_TRANSFER,Pune
571,87,2026-04-12,285000.0,COMPLETED,CORPORATE_TRANSFER,Delhi
572,67,2026-04-13,190000.0,COMPLETED,CORPORATE_TRANSFER,Hyderabad
573,39,2026-04-13,85000.0,COMPLETED,CORPORATE_TRANSFER,Chennai
574,154,2026-04-13,330000.0,COMPLETED,CORPORATE_TRANSFER,Chennai
575,185,2026-04-14,500000.0,COMPLETED,CORPORATE_TRANSFER,Bengaluru
576,76,2026-04-14,380000.0,COMPLETED,CORPORATE_TRANSFER,Hyderabad
577,100,2026-04-15,250000.0,COMPLETED,CORPORATE_TRANSFER,Bengaluru
578,88,2026-04-15,340000.0,COMPLETED,CORPORATE_TRANSFER,Mumbai
579,172,2026-04-15,540000.0,COMPLETED,CORPORATE_TRANSFER,Chennai
580,44,2026-04-15,135000.0,COMPLETED,CORPORATE_TRANSFER,Delhi
581,121,2026-04-16,135000.0,COMPLETED,CORPORATE_TRANSFER,Delhi
582,196,2026-04-17,135000.0,COMPLETED,CORPORATE_TRANSFER,Mumbai
583,168,2026-04-17,480000.0,COMPLETED,CORPORATE_TRANSFER,Mumbai
584,91,2026-04-17,255000.0,COMPLETED,CORPORATE_TRANSFER,Bengaluru
585,108,2026-04-17,540000.0,COMPLETED,CORPORATE_TRANSFER,Delhi
586,67,2026-04-17,380000.0,COMPLETED,CORPORATE_TRANSFER,Hyderabad
587,121,2026-04-18,125000.0,COMPLETED,CORPORATE_TRANSFER,Delhi
588,50,2026-04-19,960000.0,COMPLETED,CORPORATE_TRANSFER,Pune
589,136,2026-04-19,380000.0,COMPLETED,CORPORATE_TRANSFER,Pune
590,14,2026-04-19,90000.0,COMPLETED,CORPORATE_TRANSFER,Mumbai
591,52,2026-04-19,720000.0,COMPLETED,CORPORATE_TRANSFER,Delhi
592,118,2026-04-20,135000.0,COMPLETED,CORPORATE_TRANSFER,Mumbai
593,184,2026-04-20,45000.0,COMPLETED,CORPORATE_TRANSFER,Mumbai
594,125,2026-04-20,360000.0,COMPLETED,CORPORATE_TRANSFER,Delhi
595,81,2026-04-20,125000.0,COMPLETED,CORPORATE_TRANSFER,Pune
596,116,2026-04-20,190000.0,COMPLETED,CORPORATE_TRANSFER,Delhi
597,148,2026-04-21,180000.0,COMPLETED,CORPORATE_TRANSFER,Mumbai
598,196,2026-04-21,480000.0,COMPLETED,CORPORATE_TRANSFER,Mumbai
599,112,2026-04-22,440000.0,COMPLETED,CORPORATE_TRANSFER,Hyderabad
600,110,2026-04-22,260000.0,COMPLETED,CORPORATE_TRANSFER,Chennai
601,2,2026-04-22,250000.0,COMPLETED,CORPORATE_TRANSFER,Hyderabad
602,188,2026-04-22,180000.0,COMPLETED,CORPORATE_TRANSFER,Bengaluru
603,83,2026-04-22,85000.0,COMPLETED,CORPORATE_TRANSFER,Bengaluru
604,161,2026-04-23,170000.0,COMPLETED,CORPORATE_TRANSFER,Delhi
605,80,2026-04-24,45000.0,COMPLETED,CORPORATE_TRANSFER,Chennai
606,99,2026-04-24,190000.0,COMPLETED,CORPORATE_TRANSFER,Hyderabad
607,17,2026-04-24,375000.0,COMPLETED,CORPORATE_TRANSFER,Pune
608,117,2026-04-25,720000.0,COMPLETED,CORPORATE_TRANSFER,Chennai
609,176,2026-04-25,135000.0,COMPLETED,CORPORATE_TRANSFER,Hyderabad
610,126,2026-04-25,360000.0,COMPLETED,CORPORATE_TRANSFER,Bengaluru
611,104,2026-04-26,250000.0,COMPLETED,CORPORATE_TRANSFER,Chennai
612,58,2026-04-26,90000.0,COMPLETED,CORPORATE_TRANSFER,Delhi
613,151,2026-04-27,45000.0,COMPLETED,CORPORATE_TRANSFER,Hyderabad
614,183,2026-04-28,500000.0,COMPLETED,CORPORATE_TRANSFER,Hyderabad
615,164,2026-04-28,95000.0,COMPLETED,CORPORATE_TRANSFER,Mumbai
616,153,2026-04-28,125000.0,COMPLETED,CORPORATE_TRANSFER,Pune
617,13,2026-04-29,960000.0,COMPLETED,CORPORATE_TRANSFER,Hyderabad
618,98,2026-04-30,720000.0,COMPLETED,CORPORATE_TRANSFER,Pune
619,122,2026-04-30,90000.0,COMPLETED,CORPORATE_TRANSFER,Chennai
620,178,2026-04-30,375000.0,COMPLETED,CORPORATE_TRANSFER,Bengaluru
621,108,2026-04-30,720000.0,COMPLETED,CORPORATE_TRANSFER,Delhi
622,156,2026-05-01,180000.0,COMPLETED,CORPORATE_TRANSFER,Pune
623,27,2026-05-01,720000.0,COMPLETED,CORPORATE_TRANSFER,Bengaluru
624,30,2026-05-01,960000.0,COMPLETED,CORPORATE_TRANSFER,Pune
625,51,2026-05-01,255000.0,COMPLETED,CORPORATE_TRANSFER,Delhi
626,134,2026-05-01,255000.0,COMPLETED,CORPORATE_TRANSFER,Hyderabad
627,76,2026-05-02,45000.0,COMPLETED,CORPORATE_TRANSFER,Hyderabad
628,141,2026-05-02,130000.0,COMPLETED,CORPORATE_TRANSFER,Hyderabad
629,177,2026-05-02,195000.0,COMPLETED,CORPORATE_TRANSFER,Mumbai
630,61,2026-05-02,125000.0,COMPLETED,CORPORATE_TRANSFER,Bengaluru
631,29,2026-05-03,130000.0,COMPLETED,CORPORATE_TRANSFER,Bengaluru
632,200,2026-05-04,240000.0,COMPLETED,CORPORATE_TRANSFER,Hyderabad
633,165,2026-05-05,340000.0,COMPLETED,CORPORATE_TRANSFER,Chennai
634,76,2026-05-05,380000.0,COMPLETED,CORPORATE_TRANSFER,Hyderabad
635,13,2026-05-05,480000.0,COMPLETED,CORPORATE_TRANSFER,Hyderabad
636,75,2026-05-06,540000.0,COMPLETED,CORPORATE_TRANSFER,Bengaluru
637,190,2026-05-07,240000.0,COMPLETED,CORPORATE_TRANSFER,Pune
638,195,2026-05-07,125000.0,COMPLETED,CORPORATE_TRANSFER,Chennai
639,36,2026-05-07,135000.0,COMPLETED,CORPORATE_TRANSFER,Bengaluru
640,92,2026-05-07,195000.0,COMPLETED,CORPORATE_TRANSFER,Hyderabad
641,96,2026-05-08,360000.0,COMPLETED,CORPORATE_TRANSFER,Chennai
642,103,2026-05-09,440000.0,COMPLETED,CORPORATE_TRANSFER,Chennai
643,99,2026-05-10,260000.0,COMPLETED,CORPORATE_TRANSFER,Hyderabad
644,167,2026-05-10,45000.0,COMPLETED,CORPORATE_TRANSFER,Chennai
645,34,2026-05-10,250000.0,COMPLETED,CORPORATE_TRANSFER,Pune
646,107,2026-05-11,260000.0,COMPLETED,CORPORATE_TRANSFER,Chennai
647,157,2026-05-12,330000.0,COMPLETED,CORPORATE_TRANSFER,Mumbai
648,157,2026-05-12,250000.0,COMPLETED,CORPORATE_TRANSFER,Mumbai
649,125,2026-05-13,960000.0,COMPLETED,CORPORATE_TRANSFER,Delhi
650,113,2026-05-13,125000.0,COMPLETED,CORPORATE_TRANSFER,Bengaluru
651,67,2026-05-13,180000.0,COMPLETED,CORPORATE_TRANSFER,Hyderabad
652,181,2026-05-13,255000.0,COMPLETED,CORPORATE_TRANSFER,Mumbai
653,134,2026-05-14,960000.0,COMPLETED,CORPORATE_TRANSFER,Hyderabad
654,170,2026-05-14,340000.0,COMPLETED,CORPORATE_TRANSFER,Delhi
655,89,2026-05-14,220000.0,COMPLETED,CORPORATE_TRANSFER,Delhi
656,143,2026-05-14,125000.0,COMPLETED,CORPORATE_TRANSFER,Hyderabad
657,165,2026-05-14,180000.0,COMPLETED,CORPORATE_TRANSFER,Chennai
658,43,2026-05-15,960000.0,COMPLETED,CORPORATE_TRANSFER,Chennai
659,83,2026-05-15,255000.0,COMPLETED,CORPORATE_TRANSFER,Bengaluru
660,72,2026-05-15,250000.0,COMPLETED,CORPORATE_TRANSFER,Hyderabad
661,141,2026-05-15,440000.0,COMPLETED,CORPORATE_TRANSFER,Hyderabad
662,21,2026-05-16,260000.0,COMPLETED,CORPORATE_TRANSFER,Bengaluru
663,147,2026-05-16,65000.0,COMPLETED,CORPORATE_TRANSFER,Mumbai
664,115,2026-05-17,180000.0,COMPLETED,CORPORATE_TRANSFER,Bengaluru
665,128,2026-05-17,125000.0,COMPLETED,CORPORATE_TRANSFER,Mumbai
666,104,2026-05-17,110000.0,COMPLETED,CORPORATE_TRANSFER,Chennai
667,143,2026-05-17,125000.0,COMPLETED,CORPORATE_TRANSFER,Hyderabad
668,159,2026-05-18,190000.0,COMPLETED,CORPORATE_TRANSFER,Delhi
669,168,2026-05-18,195000.0,COMPLETED,CORPORATE_TRANSFER,Mumbai
670,94,2026-05-18,250000.0,COMPLETED,CORPORATE_TRANSFER,Chennai
671,117,2026-05-18,720000.0,COMPLETED,CORPORATE_TRANSFER,Chennai
672,184,2026-05-18,720000.0,COMPLETED,CORPORATE_TRANSFER,Mumbai
673,25,2026-05-19,85000.0,COMPLETED,CORPORATE_TRANSFER,Mumbai
674,91,2026-05-20,285000.0,COMPLETED,CORPORATE_TRANSFER,Bengaluru
675,180,2026-05-20,240000.0,COMPLETED,CORPORATE_TRANSFER,Hyderabad
676,43,2026-05-20,130000.0,COMPLETED,CORPORATE_TRANSFER,Chennai
677,28,2026-05-21,190000.0,COMPLETED,CORPORATE_TRANSFER,Delhi
678,49,2026-05-21,960000.0,COMPLETED,CORPORATE_TRANSFER,Mumbai
679,56,2026-05-21,130000.0,COMPLETED,CORPORATE_TRANSFER,Bengaluru
680,184,2026-05-21,180000.0,COMPLETED,CORPORATE_TRANSFER,Mumbai
681,12,2026-05-22,960000.0,COMPLETED,CORPORATE_TRANSFER,Delhi
682,118,2026-05-22,180000.0,COMPLETED,CORPORATE_TRANSFER,Mumbai
683,2,2026-05-22,500000.0,COMPLETED,CORPORATE_TRANSFER,Hyderabad
684,150,2026-05-22,130000.0,COMPLETED,CORPORATE_TRANSFER,Hyderabad
685,45,2026-05-23,45000.0,COMPLETED,CORPORATE_TRANSFER,Hyderabad
686,100,2026-05-23,720000.0,COMPLETED,CORPORATE_TRANSFER,Bengaluru
687,108,2026-05-23,255000.0,COMPLETED,CORPORATE_TRANSFER,Delhi
688,102,2026-05-23,540000.0,COMPLETED,CORPORATE_TRANSFER,Delhi
689,116,2026-05-23,90000.0,COMPLETED,CORPORATE_TRANSFER,Delhi
690,155,2026-05-24,285000.0,COMPLETED,CORPORATE_TRANSFER,Pune
691,183,2026-05-24,170000.0,COMPLETED,CORPORATE_TRANSFER,Hyderabad
692,54,2026-05-24,285000.0,COMPLETED,CORPORATE_TRANSFER,Hyderabad
693,173,2026-05-24,90000.0,COMPLETED,CORPORATE_TRANSFER,Bengaluru
694,139,2026-05-25,180000.0,COMPLETED,CORPORATE_TRANSFER,Hyderabad
695,195,2026-05-25,720000.0,COMPLETED,CORPORATE_TRANSFER,Chennai
696,150,2026-05-25,330000.0,COMPLETED,CORPORATE_TRANSFER,Hyderabad
697,109,2026-05-25,125000.0,COMPLETED,CORPORATE_TRANSFER,Mumbai
698,7,2026-05-25,220000.0,COMPLETED,CORPORATE_TRANSFER,Mumbai
699,172,2026-05-26,250000.0,COMPLETED,CORPORATE_TRANSFER,Chennai
700,193,2026-05-27,135000.0,COMPLETED,CORPORATE_TRANSFER,Bengaluru
701,175,2026-05-27,190000.0,COMPLETED,CORPORATE_TRANSFER,Delhi
702,16,2026-05-27,190000.0,COMPLETED,CORPORATE_TRANSFER,Chennai
703,9,2026-05-28,720000.0,COMPLETED,CORPORATE_TRANSFER,Bengaluru
704,27,2026-05-28,340000.0,COMPLETED,CORPORATE_TRANSFER,Bengaluru
705,61,2026-05-28,95000.0,COMPLETED,CORPORATE_TRANSFER,Bengaluru
706,98,2026-05-28,440000.0,COMPLETED,CORPORATE_TRANSFER,Pune
707,176,2026-05-28,180000.0,COMPLETED,CORPORATE_TRANSFER,Hyderabad
708,191,2026-05-29,190000.0,COMPLETED,CORPORATE_TRANSFER,Mumbai
709,200,2026-05-30,130000.0,COMPLETED,CORPORATE_TRANSFER,Hyderabad
710,163,2026-05-30,360000.0,COMPLETED,CORPORATE_TRANSFER,Bengaluru
711,199,2026-05-30,255000.0,COMPLETED,CORPORATE_TRANSFER,Bengaluru
712,115,2026-05-30,45000.0,COMPLETED,CORPORATE_TRANSFER,Bengaluru
713,48,2026-05-30,45000.0,COMPLETED,CORPORATE_TRANSFER,Pune
714,11,2026-05-31,330000.0,COMPLETED,CORPORATE_TRANSFER,Delhi
715,143,2026-05-31,190000.0,COMPLETED,CORPORATE_TRANSFER,Hyderabad
716,42,2026-05-31,95000.0,COMPLETED,CORPORATE_TRANSFER,Bengaluru
717,85,2026-05-31,130000.0,COMPLETED,CORPORATE_TRANSFER,Hyderabad
718,40,2026-06-01,180000.0,COMPLETED,CORPORATE_TRANSFER,Mumbai
719,170,2026-06-02,380000.0,COMPLETED,CORPORATE_TRANSFER,Delhi
720,147,2026-06-02,180000.0,COMPLETED,CORPORATE_TRANSFER,Mumbai
721,182,2026-06-02,360000.0,COMPLETED,CORPORATE_TRANSFER,Pune
722,48,2026-06-02,480000.0,COMPLETED,CORPORATE_TRANSFER,Pune
723,107,2026-06-02,110000.0,COMPLETED,CORPORATE_TRANSFER,Chennai
724,57,2026-06-03,255000.0,COMPLETED,CORPORATE_TRANSFER,Bengaluru
725,85,2026-06-03,540000.0,COMPLETED,CORPORATE_TRANSFER,Hyderabad
726,56,2026-06-03,65000.0,COMPLETED,CORPORATE_TRANSFER,Bengaluru
727,172,2026-06-04,720000.0,COMPLETED,CORPORATE_TRANSFER,Chennai
728,165,2026-06-05,85000.0,COMPLETED,CORPORATE_TRANSFER,Chennai
729,175,2026-06-05,720000.0,COMPLETED,CORPORATE_TRANSFER,Delhi
730,99,2026-06-06,285000.0,COMPLETED,CORPORATE_TRANSFER,Hyderabad
731,133,2026-06-07,720000.0,COMPLETED,CORPORATE_TRANSFER,Bengaluru
732,12,2026-06-08,190000.0,COMPLETED,CORPORATE_TRANSFER,Delhi
733,83,2026-06-08,240000.0,COMPLETED,CORPORATE_TRANSFER,Bengaluru
734,43,2026-06-08,125000.0,COMPLETED,CORPORATE_TRANSFER,Chennai
735,54,2026-06-08,340000.0,COMPLETED,CORPORATE_TRANSFER,Hyderabad
736,53,2026-06-09,110000.0,COMPLETED,CORPORATE_TRANSFER,Pune
737,7,2026-06-10,195000.0,COMPLETED,CORPORATE_TRANSFER,Mumbai
738,10,2026-06-10,240000.0,COMPLETED,CORPORATE_TRANSFER,Hyderabad
739,46,2026-06-11,95000.0,COMPLETED,CORPORATE_TRANSFER,Mumbai
740,59,2026-06-12,380000.0,COMPLETED,CORPORATE_TRANSFER,Bengaluru
741,100,2026-06-12,260000.0,COMPLETED,CORPORATE_TRANSFER,Bengaluru
742,111,2026-06-12,180000.0,COMPLETED,CORPORATE_TRANSFER,Mumbai
743,100,2026-06-12,240000.0,COMPLETED,CORPORATE_TRANSFER,Bengaluru
744,165,2026-06-12,240000.0,COMPLETED,CORPORATE_TRANSFER,Chennai
745,92,2026-06-13,720000.0,COMPLETED,CORPORATE_TRANSFER,Hyderabad
746,156,2026-06-14,720000.0,COMPLETED,CORPORATE_TRANSFER,Pune
747,196,2026-06-14,260000.0,COMPLETED,CORPORATE_TRANSFER,Mumbai
748,102,2026-06-14,500000.0,COMPLETED,CORPORATE_TRANSFER,Delhi
749,137,2026-06-15,170000.0,COMPLETED,CORPORATE_TRANSFER,Pune
750,192,2026-06-15,330000.0,COMPLETED,CORPORATE_TRANSFER,Chennai
751,77,2026-06-16,180000.0,COMPLETED,CORPORATE_TRANSFER,Pune
752,142,2026-06-16,45000.0,COMPLETED,CORPORATE_TRANSFER,Pune
753,2,2026-06-17,110000.0,COMPLETED,CORPORATE_TRANSFER,Hyderabad
754,54,2026-06-18,360000.0,COMPLETED,CORPORATE_TRANSFER,Hyderabad
755,106,2026-06-18,90000.0,COMPLETED,CORPORATE_TRANSFER,Bengaluru
756,48,2026-06-18,255000.0,COMPLETED,CORPORATE_TRANSFER,Pune
757,30,2026-06-19,45000.0,COMPLETED,CORPORATE_TRANSFER,Pune
758,193,2026-06-19,65000.0,COMPLETED,CORPORATE_TRANSFER,Bengaluru
759,172,2026-06-20,720000.0,COMPLETED,CORPORATE_TRANSFER,Chennai
760,26,2026-06-20,340000.0,COMPLETED,CORPORATE_TRANSFER,Hyderabad
761,85,2026-06-20,360000.0,COMPLETED,CORPORATE_TRANSFER,Hyderabad
762,26,2026-06-21,95000.0,COMPLETED,CORPORATE_TRANSFER,Hyderabad
763,50,2026-06-21,720000.0,COMPLETED,CORPORATE_TRANSFER,Pune
764,85,2026-06-22,190000.0,COMPLETED,CORPORATE_TRANSFER,Hyderabad
765,145,2026-06-22,540000.0,COMPLETED,CORPORATE_TRANSFER,Mumbai
766,110,2026-06-22,45000.0,COMPLETED,CORPORATE_TRANSFER,Chennai
767,81,2026-06-22,170000.0,COMPLETED,CORPORATE_TRANSFER,Pune
768,71,2026-06-23,360000.0,COMPLETED,CORPORATE_TRANSFER,Hyderabad
769,174,2026-06-23,720000.0,COMPLETED,CORPORATE_TRANSFER,Pune
770,119,2026-06-23,195000.0,COMPLETED,CORPORATE_TRANSFER,Chennai
771,199,2026-06-23,380000.0,COMPLETED,CORPORATE_TRANSFER,Bengaluru
772,28,2026-06-24,45000.0,COMPLETED,CORPORATE_TRANSFER,Delhi
773,72,2026-06-24,90000.0,COMPLETED,CORPORATE_TRANSFER,Hyderabad
774,68,2026-06-24,240000.0,COMPLETED,CORPORATE_TRANSFER,Hyderabad
775,5,2026-06-24,500000.0,COMPLETED,CORPORATE_TRANSFER,Mumbai
776,197,2026-06-24,85000.0,COMPLETED,CORPORATE_TRANSFER,Delhi
777,67,2026-06-25,130000.0,COMPLETED,CORPORATE_TRANSFER,Hyderabad
778,94,2026-06-25,220000.0,COMPLETED,CORPORATE_TRANSFER,Chennai
779,198,2026-06-25,190000.0,COMPLETED,CORPORATE_TRANSFER,Chennai
780,119,2026-06-25,960000.0,COMPLETED,CORPORATE_TRANSFER,Chennai
781,94,2026-06-25,250000.0,COMPLETED,CORPORATE_TRANSFER,Chennai
782,176,2026-06-26,90000.0,COMPLETED,CORPORATE_TRANSFER,Hyderabad
783,115,2026-06-26,90000.0,COMPLETED,CORPORATE_TRANSFER,Bengaluru
784,145,2026-06-26,180000.0,COMPLETED,CORPORATE_TRANSFER,Mumbai
785,92,2026-06-26,250000.0,COMPLETED,CORPORATE_TRANSFER,Hyderabad
786,195,2026-06-26,130000.0,COMPLETED,CORPORATE_TRANSFER,Chennai
787,68,2026-06-27,360000.0,COMPLETED,CORPORATE_TRANSFER,Hyderabad
788,172,2026-06-28,255000.0,COMPLETED,CORPORATE_TRANSFER,Chennai
789,121,2026-06-29,65000.0,COMPLETED,CORPORATE_TRANSFER,Delhi
790,11,2026-06-29,180000.0,COMPLETED,CORPORATE_TRANSFER,Delhi
791,181,2026-06-29,285000.0,COMPLETED,CORPORATE_TRANSFER,Mumbai
792,149,2026-06-29,180000.0,COMPLETED,CORPORATE_TRANSFER,Pune
793,94,2026-06-30,720000.0,COMPLETED,CORPORATE_TRANSFER,Chennai
794,97,2026-06-30,340000.0,COMPLETED,CORPORATE_TRANSFER,Pune
795,91,2026-06-30,720000.0,COMPLETED,CORPORATE_TRANSFER,Bengaluru
796,124,2026-06-30,250000.0,COMPLETED,CORPORATE_TRANSFER,Delhi
797,43,2026-07-01,85000.0,COMPLETED,CORPORATE_TRANSFER,Chennai
798,132,2026-07-01,190000.0,COMPLETED,CORPORATE_TRANSFER,Bengaluru
799,39,2026-07-01,90000.0,COMPLETED,CORPORATE_TRANSFER,Chennai
800,93,2026-07-01,480000.0,COMPLETED,CORPORATE_TRANSFER,Delhi
801,85,2026-07-02,960000.0,COMPLETED,CORPORATE_TRANSFER,Hyderabad
802,173,2026-07-02,260000.0,COMPLETED,CORPORATE_TRANSFER,Bengaluru
803,54,2026-07-02,180000.0,COMPLETED,CORPORATE_TRANSFER,Hyderabad
804,6,2026-07-02,85000.0,COMPLETED,CORPORATE_TRANSFER,Chennai
805,147,2026-07-03,90000.0,COMPLETED,CORPORATE_TRANSFER,Mumbai
806,162,2026-07-03,250000.0,COMPLETED,CORPORATE_TRANSFER,Delhi
807,43,2026-07-04,190000.0,COMPLETED,CORPORATE_TRANSFER,Chennai
808,104,2026-07-05,375000.0,COMPLETED,CORPORATE_TRANSFER,Chennai
809,22,2026-07-05,340000.0,COMPLETED,CORPORATE_TRANSFER,Hyderabad
810,156,2026-07-05,260000.0,COMPLETED,CORPORATE_TRANSFER,Pune
811,44,2026-07-05,340000.0,COMPLETED,CORPORATE_TRANSFER,Delhi
812,154,2026-07-05,90000.0,COMPLETED,CORPORATE_TRANSFER,Chennai
813,169,2026-07-06,190000.0,COMPLETED,CORPORATE_TRANSFER,Bengaluru
814,186,2026-07-06,720000.0,COMPLETED,CORPORATE_TRANSFER,Delhi
815,153,2026-07-06,480000.0,COMPLETED,CORPORATE_TRANSFER,Pune
816,97,2026-07-06,220000.0,COMPLETED,CORPORATE_TRANSFER,Pune
817,28,2026-07-06,250000.0,COMPLETED,CORPORATE_TRANSFER,Delhi
818,130,2026-07-07,220000.0,COMPLETED,CORPORATE_TRANSFER,Hyderabad
819,156,2026-07-07,480000.0,COMPLETED,CORPORATE_TRANSFER,Pune
820,122,2026-07-07,125000.0,COMPLETED,CORPORATE_TRANSFER,Chennai
821,24,2026-07-07,130000.0,COMPLETED,CORPORATE_TRANSFER,Mumbai
822,155,2026-07-07,500000.0,COMPLETED,CORPORATE_TRANSFER,Pune
823,108,2026-07-08,180000.0,COMPLETED,CORPORATE_TRANSFER,Delhi
824,179,2026-07-08,220000.0,COMPLETED,CORPORATE_TRANSFER,Mumbai
825,124,2026-07-08,330000.0,COMPLETED,CORPORATE_TRANSFER,Delhi
826,151,2026-07-08,960000.0,COMPLETED,CORPORATE_TRANSFER,Hyderabad
827,35,2026-07-08,380000.0,COMPLETED,CORPORATE_TRANSFER,Bengaluru
828,22,2026-07-09,380000.0,COMPLETED,CORPORATE_TRANSFER,Hyderabad
829,66,2026-07-09,85000.0,COMPLETED,CORPORATE_TRANSFER,Mumbai
830,148,2026-07-10,240000.0,COMPLETED,CORPORATE_TRANSFER,Mumbai
831,168,2026-07-11,255000.0,COMPLETED,CORPORATE_TRANSFER,Mumbai
832,105,2026-07-11,180000.0,COMPLETED,CORPORATE_TRANSFER,Delhi
833,40,2026-07-11,330000.0,COMPLETED,CORPORATE_TRANSFER,Mumbai
834,67,2026-07-11,330000.0,COMPLETED,CORPORATE_TRANSFER,Hyderabad
835,71,2026-07-12,220000.0,COMPLETED,CORPORATE_TRANSFER,Hyderabad
836,106,2026-07-12,130000.0,COMPLETED,CORPORATE_TRANSFER,Bengaluru
837,95,2026-07-12,195000.0,COMPLETED,CORPORATE_TRANSFER,Delhi
838,79,2026-07-12,720000.0,COMPLETED,CORPORATE_TRANSFER,Delhi
839,189,2026-07-12,45000.0,COMPLETED,CORPORATE_TRANSFER,Delhi
840,115,2026-07-13,45000.0,COMPLETED,CORPORATE_TRANSFER,Bengaluru
841,55,2026-07-13,330000.0,COMPLETED,CORPORATE_TRANSFER,Pune
842,158,2026-07-14,250000.0,COMPLETED,CORPORATE_TRANSFER,Pune
843,100,2026-07-14,125000.0,COMPLETED,CORPORATE_TRANSFER,Bengaluru
844,38,2026-07-14,260000.0,COMPLETED,CORPORATE_TRANSFER,Delhi
845,23,2026-07-14,720000.0,COMPLETED,CORPORATE_TRANSFER,Chennai
846,57,2026-07-14,180000.0,COMPLETED,CORPORATE_TRANSFER,Bengaluru
847,10,2026-07-15,440000.0,COMPLETED,CORPORATE_TRANSFER,Hyderabad
848,158,2026-07-15,95000.0,COMPLETED,CORPORATE_TRANSFER,Pune
849,199,2026-07-15,180000.0,COMPLETED,CORPORATE_TRANSFER,Bengaluru
850,113,2026-07-15,250000.0,COMPLETED,CORPORATE_TRANSFER,Bengaluru
851,169,2026-07-15,190000.0,COMPLETED,CORPORATE_TRANSFER,Bengaluru
852,154,2026-07-16,170000.0,COMPLETED,CORPORATE_TRANSFER,Chennai
853,93,2026-07-17,85000.0,COMPLETED,CORPORATE_TRANSFER,Delhi
854,23,2026-07-18,380000.0,COMPLETED,CORPORATE_TRANSFER,Chennai
855,91,2026-07-18,440000.0,COMPLETED,CORPORATE_TRANSFER,Bengaluru
856,52,2026-07-19,125000.0,COMPLETED,CORPORATE_TRANSFER,Delhi
857,24,2026-07-19,285000.0,COMPLETED,CORPORATE_TRANSFER,Mumbai
858,89,2026-07-19,190000.0,COMPLETED,CORPORATE_TRANSFER,Delhi
859,156,2026-07-19,340000.0,COMPLETED,CORPORATE_TRANSFER,Pune
860,104,2026-07-19,375000.0,COMPLETED,CORPORATE_TRANSFER,Chennai
861,105,2026-07-20,240000.0,COMPLETED,CORPORATE_TRANSFER,Delhi
862,129,2026-07-20,285000.0,COMPLETED,CORPORATE_TRANSFER,Mumbai
863,132,2026-07-21,285000.0,COMPLETED,CORPORATE_TRANSFER,Bengaluru
864,97,2026-07-22,130000.0,COMPLETED,CORPORATE_TRANSFER,Pune
865,194,2026-07-22,720000.0,COMPLETED,CORPORATE_TRANSFER,Hyderabad
866,175,2026-07-22,65000.0,COMPLETED,CORPORATE_TRANSFER,Delhi
867,124,2026-07-22,720000.0,COMPLETED,CORPORATE_TRANSFER,Delhi
868,98,2026-07-23,170000.0,COMPLETED,CORPORATE_TRANSFER,Pune
869,106,2026-07-24,180000.0,COMPLETED,CORPORATE_TRANSFER,Bengaluru
870,180,2026-07-24,190000.0,COMPLETED,CORPORATE_TRANSFER,Hyderabad
871,74,2026-07-24,960000.0,COMPLETED,CORPORATE_TRANSFER,Pune
872,20,2026-07-25,180000.0,COMPLETED,CORPORATE_TRANSFER,Delhi
873,81,2026-07-25,360000.0,COMPLETED,CORPORATE_TRANSFER,Pune
874,147,2026-07-25,190000.0,COMPLETED,CORPORATE_TRANSFER,Mumbai
875,128,2026-07-26,170000.0,COMPLETED,CORPORATE_TRANSFER,Mumbai
876,189,2026-07-26,255000.0,COMPLETED,CORPORATE_TRANSFER,Delhi
877,59,2026-07-27,170000.0,COMPLETED,CORPORATE_TRANSFER,Bengaluru
878,159,2026-07-27,360000.0,COMPLETED,CORPORATE_TRANSFER,Delhi
879,31,2026-07-28,960000.0,COMPLETED,CORPORATE_TRANSFER,Pune
880,2,2026-07-29,500000.0,COMPLETED,CORPORATE_TRANSFER,Hyderabad
881,96,2026-07-29,720000.0,COMPLETED,CORPORATE_TRANSFER,Chennai
882,148,2026-07-29,380000.0,COMPLETED,CORPORATE_TRANSFER,Mumbai
883,47,2026-07-29,380000.0,COMPLETED,CORPORATE_TRANSFER,Mumbai
884,57,2026-07-29,45000.0,COMPLETED,CORPORATE_TRANSFER,Bengaluru
885,109,2026-07-30,65000.0,COMPLETED,CORPORATE_TRANSFER,Mumbai
886,129,2026-07-30,720000.0,COMPLETED,CORPORATE_TRANSFER,Mumbai
887,176,2026-07-30,180000.0,COMPLETED,CORPORATE_TRANSFER,Hyderabad
888,31,2026-07-30,195000.0,COMPLETED,CORPORATE_TRANSFER,Pune
889,177,2026-07-30,125000.0,COMPLETED,CORPORATE_TRANSFER,Mumbai
890,98,2026-07-31,720000.0,COMPLETED,CORPORATE_TRANSFER,Pune
891,93,2026-07-31,190000.0,COMPLETED,CORPORATE_TRANSFER,Delhi
892,121,2026-08-01,540000.0,COMPLETED,CORPORATE_TRANSFER,Delhi
893,48,2026-08-01,260000.0,COMPLETED,CORPORATE_TRANSFER,Pune
894,193,2026-08-01,540000.0,COMPLETED,CORPORATE_TRANSFER,Bengaluru
895,72,2026-08-02,45000.0,COMPLETED,CORPORATE_TRANSFER,Hyderabad
896,148,2026-08-02,85000.0,COMPLETED,CORPORATE_TRANSFER,Mumbai
897,185,2026-08-02,190000.0,COMPLETED,CORPORATE_TRANSFER,Bengaluru
898,51,2026-08-03,90000.0,COMPLETED,CORPORATE_TRANSFER,Delhi
899,122,2026-08-03,250000.0,COMPLETED,CORPORATE_TRANSFER,Chennai
900,108,2026-08-03,130000.0,COMPLETED,CORPORATE_TRANSFER,Delhi
901,162,2026-08-03,720000.0,COMPLETED,CORPORATE_TRANSFER,Delhi
902,65,2026-08-04,500000.0,COMPLETED,CORPORATE_TRANSFER,Pune
903,26,2026-08-04,250000.0,COMPLETED,CORPORATE_TRANSFER,Hyderabad
904,66,2026-08-04,65000.0,COMPLETED,CORPORATE_TRANSFER,Mumbai
905,191,2026-08-05,540000.0,COMPLETED,CORPORATE_TRANSFER,Mumbai
906,93,2026-08-05,540000.0,COMPLETED,CORPORATE_TRANSFER,Delhi
907,89,2026-08-05,500000.0,COMPLETED,CORPORATE_TRANSFER,Delhi
908,32,2026-08-05,360000.0,COMPLETED,CORPORATE_TRANSFER,Pune
909,148,2026-08-06,135000.0,COMPLETED,CORPORATE_TRANSFER,Mumbai
910,91,2026-08-06,720000.0,COMPLETED,CORPORATE_TRANSFER,Bengaluru
911,199,2026-08-06,65000.0,COMPLETED,CORPORATE_TRANSFER,Bengaluru
912,98,2026-08-06,380000.0,COMPLETED,CORPORATE_TRANSFER,Pune
913,162,2026-08-06,90000.0,COMPLETED,CORPORATE_TRANSFER,Delhi
914,108,2026-08-07,110000.0,COMPLETED,CORPORATE_TRANSFER,Delhi
915,21,2026-08-07,135000.0,COMPLETED,CORPORATE_TRANSFER,Bengaluru
916,59,2026-08-07,540000.0,COMPLETED,CORPORATE_TRANSFER,Bengaluru
917,182,2026-08-08,380000.0,COMPLETED,CORPORATE_TRANSFER,Pune
918,70,2026-08-08,720000.0,COMPLETED,CORPORATE_TRANSFER,Hyderabad
919,106,2026-08-08,90000.0,COMPLETED,CORPORATE_TRANSFER,Bengaluru
920,33,2026-08-09,255000.0,COMPLETED,CORPORATE_TRANSFER,Bengaluru
921,25,2026-08-11,960000.0,COMPLETED,CORPORATE_TRANSFER,Mumbai
922,14,2026-08-12,500000.0,COMPLETED,CORPORATE_TRANSFER,Mumbai
923,135,2026-08-12,240000.0,COMPLETED,CORPORATE_TRANSFER,Hyderabad
924,68,2026-08-12,960000.0,COMPLETED,CORPORATE_TRANSFER,Hyderabad
925,80,2026-08-12,170000.0,COMPLETED,CORPORATE_TRANSFER,Chennai
926,189,2026-08-12,380000.0,COMPLETED,CORPORATE_TRANSFER,Delhi
927,34,2026-08-13,45000.0,COMPLETED,CORPORATE_TRANSFER,Pune
928,9,2026-08-13,540000.0,COMPLETED,CORPORATE_TRANSFER,Bengaluru
929,120,2026-08-14,380000.0,COMPLETED,CORPORATE_TRANSFER,Bengaluru
930,35,2026-08-14,180000.0,COMPLETED,CORPORATE_TRANSFER,Bengaluru
931,162,2026-08-14,330000.0,COMPLETED,CORPORATE_TRANSFER,Delhi
932,89,2026-08-14,130000.0,COMPLETED,CORPORATE_TRANSFER,Delhi
933,114,2026-08-15,285000.0,COMPLETED,CORPORATE_TRANSFER,Mumbai
934,3,2026-08-16,250000.0,COMPLETED,CORPORATE_TRANSFER,Chennai
935,89,2026-08-16,380000.0,COMPLETED,CORPORATE_TRANSFER,Delhi
936,137,2026-08-16,500000.0,COMPLETED,CORPORATE_TRANSFER,Pune
937,77,2026-08-17,500000.0,COMPLETED,CORPORATE_TRANSFER,Pune
938,75,2026-08-17,85000.0,COMPLETED,CORPORATE_TRANSFER,Bengaluru
939,106,2026-08-17,440000.0,COMPLETED,CORPORATE_TRANSFER,Bengaluru
940,42,2026-08-18,440000.0,COMPLETED,CORPORATE_TRANSFER,Bengaluru
941,57,2026-08-18,95000.0,COMPLETED,CORPORATE_TRANSFER,Bengaluru
942,161,2026-08-19,255000.0,COMPLETED,CORPORATE_TRANSFER,Delhi
943,73,2026-08-19,380000.0,COMPLETED,CORPORATE_TRANSFER,Delhi
944,49,2026-08-19,480000.0,COMPLETED,CORPORATE_TRANSFER,Mumbai
945,35,2026-08-19,95000.0,COMPLETED,CORPORATE_TRANSFER,Bengaluru
946,159,2026-08-20,195000.0,COMPLETED,CORPORATE_TRANSFER,Delhi
947,180,2026-08-20,255000.0,COMPLETED,CORPORATE_TRANSFER,Hyderabad
948,5,2026-08-20,45000.0,COMPLETED,CORPORATE_TRANSFER,Mumbai
949,137,2026-08-20,250000.0,COMPLETED,CORPORATE_TRANSFER,Pune
950,73,2026-08-21,190000.0,COMPLETED,CORPORATE_TRANSFER,Delhi
951,24,2026-08-22,45000.0,COMPLETED,CORPORATE_TRANSFER,Mumbai
952,127,2026-08-22,255000.0,COMPLETED,CORPORATE_TRANSFER,Chennai
953,108,2026-08-22,380000.0,COMPLETED,CORPORATE_TRANSFER,Delhi
954,119,2026-08-23,375000.0,COMPLETED,CORPORATE_TRANSFER,Chennai
955,21,2026-08-23,45000.0,COMPLETED,CORPORATE_TRANSFER,Bengaluru
956,69,2026-08-23,960000.0,COMPLETED,CORPORATE_TRANSFER,Hyderabad
957,50,2026-08-24,380000.0,COMPLETED,CORPORATE_TRANSFER,Pune
958,4,2026-08-24,480000.0,COMPLETED,CORPORATE_TRANSFER,Mumbai
959,198,2026-08-25,130000.0,COMPLETED,CORPORATE_TRANSFER,Chennai
960,189,2026-08-25,250000.0,COMPLETED,CORPORATE_TRANSFER,Delhi
961,118,2026-08-25,480000.0,COMPLETED,CORPORATE_TRANSFER,Mumbai
962,122,2026-08-25,330000.0,COMPLETED,CORPORATE_TRANSFER,Chennai
963,41,2026-08-26,125000.0,COMPLETED,CORPORATE_TRANSFER,Bengaluru
964,65,2026-08-26,195000.0,COMPLETED,CORPORATE_TRANSFER,Pune
965,51,2026-08-26,180000.0,COMPLETED,CORPORATE_TRANSFER,Delhi
966,29,2026-08-27,340000.0,COMPLETED,CORPORATE_TRANSFER,Bengaluru
967,84,2026-08-27,250000.0,COMPLETED,CORPORATE_TRANSFER,Mumbai
968,63,2026-08-28,125000.0,COMPLETED,CORPORATE_TRANSFER,Delhi
969,149,2026-08-28,130000.0,COMPLETED,CORPORATE_TRANSFER,Pune
970,198,2026-08-29,480000.0,COMPLETED,CORPORATE_TRANSFER,Chennai
971,41,2026-08-29,65000.0,COMPLETED,CORPORATE_TRANSFER,Bengaluru
972,176,2026-08-29,125000.0,COMPLETED,CORPORATE_TRANSFER,Hyderabad
973,166,2026-08-30,45000.0,COMPLETED,CORPORATE_TRANSFER,Chennai
974,33,2026-08-30,130000.0,COMPLETED,CORPORATE_TRANSFER,Bengaluru
975,82,2026-08-30,720000.0,COMPLETED,CORPORATE_TRANSFER,Hyderabad
976,6,2026-08-31,330000.0,COMPLETED,CORPORATE_TRANSFER,Chennai
977,186,2026-08-31,135000.0,COMPLETED,CORPORATE_TRANSFER,Delhi
978,125,2026-09-01,195000.0,COMPLETED,CORPORATE_TRANSFER,Delhi
979,179,2026-09-02,130000.0,COMPLETED,CORPORATE_TRANSFER,Mumbai
980,90,2026-09-02,720000.0,COMPLETED,CORPORATE_TRANSFER,Bengaluru
981,71,2026-09-02,45000.0,COMPLETED,CORPORATE_TRANSFER,Hyderabad
982,18,2026-09-02,180000.0,COMPLETED,CORPORATE_TRANSFER,Bengaluru
983,68,2026-09-03,65000.0,COMPLETED,CORPORATE_TRANSFER,Hyderabad
984,199,2026-09-03,220000.0,COMPLETED,CORPORATE_TRANSFER,Bengaluru
985,5,2026-09-03,360000.0,COMPLETED,CORPORATE_TRANSFER,Mumbai
986,185,2026-09-04,960000.0,COMPLETED,CORPORATE_TRANSFER,Bengaluru
987,49,2026-09-04,130000.0,COMPLETED,CORPORATE_TRANSFER,Mumbai
988,157,2026-09-04,285000.0,COMPLETED,CORPORATE_TRANSFER,Mumbai
989,165,2026-09-05,180000.0,COMPLETED,CORPORATE_TRANSFER,Chennai
990,25,2026-09-05,240000.0,COMPLETED,CORPORATE_TRANSFER,Mumbai
991,34,2026-09-05,45000.0,COMPLETED,CORPORATE_TRANSFER,Pune
992,52,2026-09-05,960000.0,COMPLETED,CORPORATE_TRANSFER,Delhi
993,165,2026-09-06,440000.0,COMPLETED,CORPORATE_TRANSFER,Chennai
994,160,2026-09-07,95000.0,COMPLETED,CORPORATE_TRANSFER,Delhi
995,94,2026-09-07,85000.0,COMPLETED,CORPORATE_TRANSFER,Chennai
996,4,2026-09-07,340000.0,COMPLETED,CORPORATE_TRANSFER,Mumbai
997,21,2026-09-07,65000.0,COMPLETED,CORPORATE_TRANSFER,Bengaluru
998,93,2026-09-07,330000.0,COMPLETED,CORPORATE_TRANSFER,Delhi
999,158,2026-09-08,95000.0,COMPLETED,CORPORATE_TRANSFER,Pune
1000,78,2026-09-09,480000.0,COMPLETED,CORPORATE_TRANSFER,Bengaluru
1001,25,2026-09-10,480000.0,COMPLETED,CORPORATE_TRANSFER,Mumbai
1002,137,2026-09-10,220000.0,COMPLETED,CORPORATE_TRANSFER,Pune
1003,50,2026-09-10,170000.0,COMPLETED,CORPORATE_TRANSFER,Pune
1004,143,2026-09-10,110000.0,COMPLETED,CORPORATE_TRANSFER,Hyderabad
1005,197,2026-09-10,720000.0,COMPLETED,CORPORATE_TRANSFER,Delhi
1006,27,2026-09-11,90000.0,COMPLETED,CORPORATE_TRANSFER,Bengaluru
1007,87,2026-09-11,180000.0,COMPLETED,CORPORATE_TRANSFER,Delhi
1008,91,2026-09-11,540000.0,COMPLETED,CORPORATE_TRANSFER,Bengaluru
1009,106,2026-09-12,330000.0,COMPLETED,CORPORATE_TRANSFER,Bengaluru
1010,156,2026-09-12,170000.0,COMPLETED,CORPORATE_TRANSFER,Pune
1011,97,2026-09-12,285000.0,COMPLETED,CORPORATE_TRANSFER,Pune
1012,115,2026-09-13,110000.0,COMPLETED,CORPORATE_TRANSFER,Bengaluru
1013,186,2026-09-13,375000.0,COMPLETED,CORPORATE_TRANSFER,Delhi
1014,153,2026-09-13,250000.0,COMPLETED,CORPORATE_TRANSFER,Pune
1015,78,2026-09-13,375000.0,COMPLETED,CORPORATE_TRANSFER,Bengaluru
1016,55,2026-09-14,180000.0,COMPLETED,CORPORATE_TRANSFER,Pune
1017,198,2026-09-14,190000.0,COMPLETED,CORPORATE_TRANSFER,Chennai
1018,10,2026-09-15,45000.0,COMPLETED,CORPORATE_TRANSFER,Hyderabad
1019,77,2026-09-17,960000.0,COMPLETED,CORPORATE_TRANSFER,Pune
1020,146,2026-09-17,720000.0,COMPLETED,CORPORATE_TRANSFER,Hyderabad
1021,124,2026-09-17,180000.0,COMPLETED,CORPORATE_TRANSFER,Delhi
1022,25,2026-09-18,95000.0,COMPLETED,CORPORATE_TRANSFER,Mumbai
1023,188,2026-09-18,110000.0,COMPLETED,CORPORATE_TRANSFER,Bengaluru
1024,198,2026-09-18,540000.0,COMPLETED,CORPORATE_TRANSFER,Chennai
1025,198,2026-09-19,85000.0,COMPLETED,CORPORATE_TRANSFER,Chennai
1026,14,2026-09-20,95000.0,COMPLETED,CORPORATE_TRANSFER,Mumbai
1027,82,2026-09-20,45000.0,COMPLETED,CORPORATE_TRANSFER,Hyderabad
1028,84,2026-09-20,170000.0,COMPLETED,CORPORATE_TRANSFER,Mumbai
1029,13,2026-09-20,440000.0,COMPLETED,CORPORATE_TRANSFER,Hyderabad
1030,148,2026-09-21,480000.0,COMPLETED,CORPORATE_TRANSFER,Mumbai
1031,111,2026-09-21,380000.0,COMPLETED,CORPORATE_TRANSFER,Mumbai
1032,38,2026-09-21,135000.0,COMPLETED,CORPORATE_TRANSFER,Delhi
1033,22,2026-09-21,500000.0,COMPLETED,CORPORATE_TRANSFER,Hyderabad
1034,112,2026-09-22,45000.0,COMPLETED,CORPORATE_TRANSFER,Hyderabad
1035,196,2026-09-22,180000.0,COMPLETED,CORPORATE_TRANSFER,Mumbai
1036,144,2026-09-22,340000.0,COMPLETED,CORPORATE_TRANSFER,Pune
1037,102,2026-09-22,170000.0,COMPLETED,CORPORATE_TRANSFER,Delhi
1038,63,2026-09-22,720000.0,COMPLETED,CORPORATE_TRANSFER,Delhi
1039,83,2026-09-23,240000.0,COMPLETED,CORPORATE_TRANSFER,Bengaluru
1040,172,2026-09-23,440000.0,COMPLETED,CORPORATE_TRANSFER,Chennai
1041,94,2026-09-23,360000.0,COMPLETED,CORPORATE_TRANSFER,Chennai
1042,83,2026-09-23,180000.0,COMPLETED,CORPORATE_TRANSFER,Bengaluru
1043,44,2026-09-24,720000.0,COMPLETED,CORPORATE_TRANSFER,Delhi
1044,160,2026-09-24,180000.0,COMPLETED,CORPORATE_TRANSFER,Delhi
1045,12,2026-09-24,170000.0,COMPLETED,CORPORATE_TRANSFER,Delhi
1046,40,2026-09-25,240000.0,COMPLETED,CORPORATE_TRANSFER,Mumbai
1047,190,2026-09-25,250000.0,COMPLETED,CORPORATE_TRANSFER,Pune
1048,159,2026-09-25,135000.0,COMPLETED,CORPORATE_TRANSFER,Delhi
1049,88,2026-09-26,720000.0,COMPLETED,CORPORATE_TRANSFER,Mumbai
1050,121,2026-09-27,375000.0,COMPLETED,CORPORATE_TRANSFER,Delhi
1051,54,2026-09-27,170000.0,COMPLETED,CORPORATE_TRANSFER,Hyderabad
1052,140,2026-09-27,380000.0,COMPLETED,CORPORATE_TRANSFER,Delhi
1053,160,2026-09-27,45000.0,COMPLETED,CORPORATE_TRANSFER,Delhi
1054,150,2026-09-28,375000.0,COMPLETED,CORPORATE_TRANSFER,Hyderabad
1055,44,2026-09-28,375000.0,COMPLETED,CORPORATE_TRANSFER,Delhi
1056,52,2026-09-28,95000.0,COMPLETED,CORPORATE_TRANSFER,Delhi
1057,120,2026-09-28,125000.0,COMPLETED,CORPORATE_TRANSFER,Bengaluru
1058,170,2026-09-29,285000.0,COMPLETED,CORPORATE_TRANSFER,Delhi
1059,28,2026-09-29,375000.0,COMPLETED,CORPORATE_TRANSFER,Delhi
1060,167,2026-09-29,220000.0,COMPLETED,CORPORATE_TRANSFER,Chennai
1061,98,2026-09-29,720000.0,COMPLETED,CORPORATE_TRANSFER,Pune
1062,153,2026-09-30,480000.0,COMPLETED,CORPORATE_TRANSFER,Pune
1063,51,2026-09-30,65000.0,COMPLETED,CORPORATE_TRANSFER,Delhi
1064,11,2026-09-30,255000.0,COMPLETED,CORPORATE_TRANSFER,Delhi
1065,86,2026-09-30,45000.0,COMPLETED,CORPORATE_TRANSFER,Hyderabad
