sale_id,order_id,product_id,quantity,unit_price,revenue,cost,profit,sale_date,region,city
1,1,2,4,240000.0,960000.0,440000.0,520000.0,2025-10-01,South,Chennai
2,2,6,2,180000.0,360000.0,240000.0,120000.0,2025-10-01,South,Bengaluru
3,3,3,2,45000.0,90000.0,56000.0,34000.0,2025-10-01,South,Hyderabad
4,4,1,1,125000.0,125000.0,75000.0,50000.0,2025-10-02,West,Mumbai
5,5,3,3,45000.0,135000.0,84000.0,51000.0,2025-10-02,South,Bengaluru
6,6,3,3,45000.0,135000.0,84000.0,51000.0,2025-10-02,South,Chennai
7,7,4,3,85000.0,255000.0,126000.0,129000.0,2025-10-02,West,Pune
8,8,2,3,240000.0,720000.0,330000.0,390000.0,2025-10-03,North,Delhi
9,9,5,2,95000.0,190000.0,100000.0,90000.0,2025-10-03,North,Delhi
10,10,5,1,95000.0,95000.0,50000.0,45000.0,2025-10-03,North,Delhi
11,11,3,2,45000.0,90000.0,56000.0,34000.0,2025-10-03,West,Mumbai
12,12,6,1,180000.0,180000.0,120000.0,60000.0,2025-10-03,North,Delhi
13,13,1,3,125000.0,375000.0,225000.0,150000.0,2025-10-04,South,Bengaluru
14,14,7,1,110000.0,110000.0,55000.0,55000.0,2025-10-05,North,Delhi
15,15,5,3,95000.0,285000.0,150000.0,135000.0,2025-10-05,West,Mumbai
16,16,7,3,110000.0,330000.0,165000.0,165000.0,2025-10-06,North,Delhi
17,17,2,1,240000.0,240000.0,110000.0,130000.0,2025-10-06,South,Chennai
18,18,8,4,65000.0,260000.0,120000.0,140000.0,2025-10-06,South,Bengaluru
19,19,8,2,65000.0,130000.0,60000.0,70000.0,2025-10-06,North,Delhi
20,20,3,3,45000.0,135000.0,84000.0,51000.0,2025-10-07,West,Pune
21,21,6,3,180000.0,540000.0,360000.0,180000.0,2025-10-07,West,Mumbai
22,22,3,3,45000.0,135000.0,84000.0,51000.0,2025-10-07,South,Chennai
23,23,2,3,240000.0,720000.0,330000.0,390000.0,2025-10-08,West,Pune
24,24,8,1,65000.0,65000.0,30000.0,35000.0,2025-10-08,West,Pune
25,25,8,2,65000.0,130000.0,60000.0,70000.0,2025-10-08,South,Hyderabad
26,26,2,1,240000.0,240000.0,110000.0,130000.0,2025-10-08,South,Chennai
27,27,7,4,110000.0,440000.0,220000.0,220000.0,2025-10-08,South,Bengaluru
28,28,6,3,180000.0,540000.0,360000.0,180000.0,2025-10-09,South,Bengaluru
29,29,3,4,45000.0,180000.0,112000.0,68000.0,2025-10-09,West,Mumbai
30,30,8,3,65000.0,195000.0,90000.0,105000.0,2025-10-10,South,Bengaluru
31,31,1,1,125000.0,125000.0,75000.0,50000.0,2025-10-10,West,Mumbai
32,32,8,2,65000.0,130000.0,60000.0,70000.0,2025-10-10,South,Hyderabad
33,33,6,1,180000.0,180000.0,120000.0,60000.0,2025-10-10,South,Bengaluru
34,34,5,4,95000.0,380000.0,200000.0,180000.0,2025-10-10,South,Hyderabad
35,35,8,3,65000.0,195000.0,90000.0,105000.0,2025-10-11,West,Mumbai
36,36,1,1,125000.0,125000.0,75000.0,50000.0,2025-10-11,South,Bengaluru
37,37,3,3,45000.0,135000.0,84000.0,51000.0,2025-10-11,West,Mumbai
38,38,6,4,180000.0,720000.0,480000.0,240000.0,2025-10-11,South,Hyderabad
39,39,1,4,125000.0,500000.0,300000.0,200000.0,2025-10-11,South,Chennai
40,40,4,3,85000.0,255000.0,126000.0,129000.0,2025-10-12,South,Hyderabad
41,41,2,4,240000.0,960000.0,440000.0,520000.0,2025-10-13,West,Pune
42,42,8,3,65000.0,195000.0,90000.0,105000.0,2025-10-13,South,Hyderabad
43,43,2,2,240000.0,480000.0,220000.0,260000.0,2025-10-13,North,Delhi
44,44,7,3,110000.0,330000.0,165000.0,165000.0,2025-10-13,West,Mumbai
45,45,6,2,180000.0,360000.0,240000.0,120000.0,2025-10-13,North,Delhi
46,46,7,1,110000.0,110000.0,55000.0,55000.0,2025-10-14,West,Pune
47,47,1,2,125000.0,250000.0,150000.0,100000.0,2025-10-14,North,Delhi
48,48,8,2,65000.0,130000.0,60000.0,70000.0,2025-10-15,South,Chennai
49,49,3,3,45000.0,135000.0,84000.0,51000.0,2025-10-15,West,Pune
50,50,6,2,180000.0,360000.0,240000.0,120000.0,2025-10-15,West,Mumbai
51,51,5,3,95000.0,285000.0,150000.0,135000.0,2025-10-16,West,Pune
52,52,8,3,65000.0,195000.0,90000.0,105000.0,2025-10-16,South,Hyderabad
53,53,1,3,125000.0,375000.0,225000.0,150000.0,2025-10-16,South,Chennai
54,54,2,4,240000.0,960000.0,440000.0,520000.0,2025-10-16,South,Hyderabad
55,55,1,4,125000.0,500000.0,300000.0,200000.0,2025-10-17,North,Delhi
56,56,4,1,85000.0,85000.0,42000.0,43000.0,2025-10-17,South,Hyderabad
57,57,8,2,65000.0,130000.0,60000.0,70000.0,2025-10-17,South,Hyderabad
58,58,7,2,110000.0,220000.0,110000.0,110000.0,2025-10-17,South,Hyderabad
59,59,4,1,85000.0,85000.0,42000.0,43000.0,2025-10-17,North,Delhi
60,60,2,2,240000.0,480000.0,220000.0,260000.0,2025-10-18,South,Hyderabad
61,61,8,3,65000.0,195000.0,90000.0,105000.0,2025-10-18,West,Mumbai
62,62,3,4,45000.0,180000.0,112000.0,68000.0,2025-10-18,North,Delhi
63,63,4,4,85000.0,340000.0,168000.0,172000.0,2025-10-18,West,Mumbai
64,64,8,1,65000.0,65000.0,30000.0,35000.0,2025-10-18,West,Mumbai
65,65,4,3,85000.0,255000.0,126000.0,129000.0,2025-10-19,South,Bengaluru
66,66,8,4,65000.0,260000.0,120000.0,140000.0,2025-10-19,North,Delhi
67,67,8,3,65000.0,195000.0,90000.0,105000.0,2025-10-20,South,Hyderabad
68,68,6,3,180000.0,540000.0,360000.0,180000.0,2025-10-20,North,Delhi
69,69,8,2,65000.0,130000.0,60000.0,70000.0,2025-10-20,West,Mumbai
70,70,5,2,95000.0,190000.0,100000.0,90000.0,2025-10-21,South,Hyderabad
71,71,5,2,95000.0,190000.0,100000.0,90000.0,2025-10-21,West,Pune
72,72,8,3,65000.0,195000.0,90000.0,105000.0,2025-10-22,South,Hyderabad
73,73,5,3,95000.0,285000.0,150000.0,135000.0,2025-10-22,West,Pune
74,74,7,4,110000.0,440000.0,220000.0,220000.0,2025-10-22,West,Pune
75,75,3,3,45000.0,135000.0,84000.0,51000.0,2025-10-22,North,Delhi
76,76,2,3,240000.0,720000.0,330000.0,390000.0,2025-10-23,West,Pune
77,77,5,4,95000.0,380000.0,200000.0,180000.0,2025-10-24,West,Mumbai
78,78,4,3,85000.0,255000.0,126000.0,129000.0,2025-10-24,West,Pune
79,79,5,2,95000.0,190000.0,100000.0,90000.0,2025-10-24,West,Pune
80,80,4,2,85000.0,170000.0,84000.0,86000.0,2025-10-24,North,Delhi
81,81,4,2,85000.0,170000.0,84000.0,86000.0,2025-10-25,South,Chennai
82,82,7,3,110000.0,330000.0,165000.0,165000.0,2025-10-26,South,Hyderabad
83,83,3,1,45000.0,45000.0,28000.0,17000.0,2025-10-27,South,Hyderabad
84,84,3,4,45000.0,180000.0,112000.0,68000.0,2025-10-27,South,Hyderabad
85,85,8,4,65000.0,260000.0,120000.0,140000.0,2025-10-27,West,Mumbai
86,86,4,3,85000.0,255000.0,126000.0,129000.0,2025-10-27,South,Chennai
87,87,1,1,125000.0,125000.0,75000.0,50000.0,2025-10-28,West,Pune
88,88,4,1,85000.0,85000.0,42000.0,43000.0,2025-10-28,South,Chennai
89,89,7,2,110000.0,220000.0,110000.0,110000.0,2025-10-28,South,Hyderabad
90,90,8,2,65000.0,130000.0,60000.0,70000.0,2025-10-29,North,Delhi
91,91,1,3,125000.0,375000.0,225000.0,150000.0,2025-10-30,South,Hyderabad
92,92,2,3,240000.0,720000.0,330000.0,390000.0,2025-10-30,South,Hyderabad
93,93,8,4,65000.0,260000.0,120000.0,140000.0,2025-10-30,North,Delhi
94,94,8,3,65000.0,195000.0,90000.0,105000.0,2025-10-31,South,Hyderabad
95,95,2,3,240000.0,720000.0,330000.0,390000.0,2025-10-31,West,Pune
96,96,8,3,65000.0,195000.0,90000.0,105000.0,2025-11-01,South,Bengaluru
97,97,3,1,45000.0,45000.0,28000.0,17000.0,2025-11-01,West,Mumbai
98,98,4,2,85000.0,170000.0,84000.0,86000.0,2025-11-02,South,Hyderabad
99,99,7,4,110000.0,440000.0,220000.0,220000.0,2025-11-02,West,Mumbai
100,100,6,1,180000.0,180000.0,120000.0,60000.0,2025-11-02,South,Bengaluru
101,101,2,2,240000.0,480000.0,220000.0,260000.0,2025-11-03,South,Chennai
102,102,8,3,65000.0,195000.0,90000.0,105000.0,2025-11-03,South,Bengaluru
103,103,1,3,125000.0,375000.0,225000.0,150000.0,2025-11-03,North,Delhi
104,104,4,4,85000.0,340000.0,168000.0,172000.0,2025-11-03,South,Hyderabad
105,105,5,1,95000.0,95000.0,50000.0,45000.0,2025-11-04,South,Hyderabad
106,106,6,2,180000.0,360000.0,240000.0,120000.0,2025-11-04,South,Hyderabad
107,107,2,4,240000.0,960000.0,440000.0,520000.0,2025-11-04,South,Chennai
108,108,7,3,110000.0,330000.0,165000.0,165000.0,2025-11-05,South,Bengaluru
109,109,2,3,240000.0,720000.0,330000.0,390000.0,2025-11-05,West,Mumbai
110,110,4,2,85000.0,170000.0,84000.0,86000.0,2025-11-05,North,Delhi
111,111,3,4,45000.0,180000.0,112000.0,68000.0,2025-11-06,South,Hyderabad
112,112,6,4,180000.0,720000.0,480000.0,240000.0,2025-11-06,South,Chennai
113,113,4,2,85000.0,170000.0,84000.0,86000.0,2025-11-07,North,Delhi
114,114,2,4,240000.0,960000.0,440000.0,520000.0,2025-11-07,North,Delhi
115,115,6,1,180000.0,180000.0,120000.0,60000.0,2025-11-07,West,Pune
116,116,2,1,240000.0,240000.0,110000.0,130000.0,2025-11-07,West,Mumbai
117,117,4,2,85000.0,170000.0,84000.0,86000.0,2025-11-07,South,Hyderabad
118,118,8,1,65000.0,65000.0,30000.0,35000.0,2025-11-08,West,Mumbai
119,119,4,4,85000.0,340000.0,168000.0,172000.0,2025-11-08,North,Delhi
120,120,8,1,65000.0,65000.0,30000.0,35000.0,2025-11-09,West,Pune
121,121,7,4,110000.0,440000.0,220000.0,220000.0,2025-11-10,West,Pune
122,122,1,4,125000.0,500000.0,300000.0,200000.0,2025-11-10,West,Mumbai
123,123,5,1,95000.0,95000.0,50000.0,45000.0,2025-11-10,South,Bengaluru
124,124,5,1,95000.0,95000.0,50000.0,45000.0,2025-11-10,North,Delhi
125,125,2,1,240000.0,240000.0,110000.0,130000.0,2025-11-11,West,Pune
126,126,6,1,180000.0,180000.0,120000.0,60000.0,2025-11-11,West,Mumbai
127,127,2,4,240000.0,960000.0,440000.0,520000.0,2025-11-12,South,Chennai
128,128,5,4,95000.0,380000.0,200000.0,180000.0,2025-11-12,South,Bengaluru
129,129,3,4,45000.0,180000.0,112000.0,68000.0,2025-11-12,West,Mumbai
130,130,7,4,110000.0,440000.0,220000.0,220000.0,2025-11-12,South,Chennai
131,131,7,1,110000.0,110000.0,55000.0,55000.0,2025-11-12,West,Pune
132,132,6,1,180000.0,180000.0,120000.0,60000.0,2025-11-13,South,Bengaluru
133,133,7,2,110000.0,220000.0,110000.0,110000.0,2025-11-13,West,Mumbai
134,134,4,1,85000.0,85000.0,42000.0,43000.0,2025-11-13,South,Hyderabad
135,135,1,3,125000.0,375000.0,225000.0,150000.0,2025-11-13,South,Hyderabad
136,136,7,4,110000.0,440000.0,220000.0,220000.0,2025-11-13,South,Chennai
137,137,8,3,65000.0,195000.0,90000.0,105000.0,2025-11-14,North,Delhi
138,138,5,2,95000.0,190000.0,100000.0,90000.0,2025-11-14,West,Mumbai
139,139,7,1,110000.0,110000.0,55000.0,55000.0,2025-11-15,South,Bengaluru
140,140,2,1,240000.0,240000.0,110000.0,130000.0,2025-11-16,West,Pune
141,141,1,4,125000.0,500000.0,300000.0,200000.0,2025-11-16,West,Pune
142,142,1,2,125000.0,250000.0,150000.0,100000.0,2025-11-17,South,Bengaluru
143,143,1,4,125000.0,500000.0,300000.0,200000.0,2025-11-17,West,Pune
144,144,4,2,85000.0,170000.0,84000.0,86000.0,2025-11-17,South,Bengaluru
145,145,1,2,125000.0,250000.0,150000.0,100000.0,2025-11-17,South,Hyderabad
146,146,5,2,95000.0,190000.0,100000.0,90000.0,2025-11-17,West,Mumbai
147,147,6,2,180000.0,360000.0,240000.0,120000.0,2025-11-18,South,Hyderabad
148,148,3,2,45000.0,90000.0,56000.0,34000.0,2025-11-18,South,Bengaluru
149,149,5,3,95000.0,285000.0,150000.0,135000.0,2025-11-18,South,Bengaluru
150,150,3,4,45000.0,180000.0,112000.0,68000.0,2025-11-18,South,Chennai
151,151,8,1,65000.0,65000.0,30000.0,35000.0,2025-11-18,South,Hyderabad
152,152,7,3,110000.0,330000.0,165000.0,165000.0,2025-11-19,South,Chennai
153,153,7,4,110000.0,440000.0,220000.0,220000.0,2025-11-19,West,Mumbai
154,154,5,4,95000.0,380000.0,200000.0,180000.0,2025-11-19,South,Chennai
155,155,8,2,65000.0,130000.0,60000.0,70000.0,2025-11-20,South,Hyderabad
156,156,5,2,95000.0,190000.0,100000.0,90000.0,2025-11-20,North,Delhi
157,157,7,4,110000.0,440000.0,220000.0,220000.0,2025-11-21,South,Hyderabad
158,158,3,4,45000.0,180000.0,112000.0,68000.0,2025-11-21,South,Hyderabad
159,159,5,2,95000.0,190000.0,100000.0,90000.0,2025-11-21,North,Delhi
160,160,2,4,240000.0,960000.0,440000.0,520000.0,2025-11-21,South,Hyderabad
161,161,4,1,85000.0,85000.0,42000.0,43000.0,2025-11-22,West,Mumbai
162,162,7,1,110000.0,110000.0,55000.0,55000.0,2025-11-22,South,Hyderabad
163,163,4,2,85000.0,170000.0,84000.0,86000.0,2025-11-22,South,Chennai
164,164,6,3,180000.0,540000.0,360000.0,180000.0,2025-11-23,South,Hyderabad
165,165,4,2,85000.0,170000.0,84000.0,86000.0,2025-11-23,West,Mumbai
166,166,2,4,240000.0,960000.0,440000.0,520000.0,2025-11-23,West,Pune
167,167,4,4,85000.0,340000.0,168000.0,172000.0,2025-11-23,North,Delhi
168,168,6,3,180000.0,540000.0,360000.0,180000.0,2025-11-24,West,Pune
169,169,8,3,65000.0,195000.0,90000.0,105000.0,2025-11-24,West,Pune
170,170,6,4,180000.0,720000.0,480000.0,240000.0,2025-11-25,South,Hyderabad
171,171,2,4,240000.0,960000.0,440000.0,520000.0,2025-11-25,South,Bengaluru
172,172,6,2,180000.0,360000.0,240000.0,120000.0,2025-11-25,South,Chennai
173,173,7,1,110000.0,110000.0,55000.0,55000.0,2025-11-26,West,Pune
174,174,4,2,85000.0,170000.0,84000.0,86000.0,2025-11-26,West,Mumbai
175,175,5,4,95000.0,380000.0,200000.0,180000.0,2025-11-26,West,Mumbai
176,176,4,3,85000.0,255000.0,126000.0,129000.0,2025-11-27,West,Mumbai
177,177,7,2,110000.0,220000.0,110000.0,110000.0,2025-11-27,South,Bengaluru
178,178,6,3,180000.0,540000.0,360000.0,180000.0,2025-11-27,West,Mumbai
179,179,8,4,65000.0,260000.0,120000.0,140000.0,2025-11-28,North,Delhi
180,180,6,2,180000.0,360000.0,240000.0,120000.0,2025-11-28,North,Delhi
181,181,8,2,65000.0,130000.0,60000.0,70000.0,2025-11-28,South,Bengaluru
182,182,1,1,125000.0,125000.0,75000.0,50000.0,2025-11-28,South,Hyderabad
183,183,1,1,125000.0,125000.0,75000.0,50000.0,2025-11-29,South,Chennai
184,184,4,1,85000.0,85000.0,42000.0,43000.0,2025-11-30,South,Bengaluru
185,185,3,1,45000.0,45000.0,28000.0,17000.0,2025-11-30,West,Pune
186,186,8,3,65000.0,195000.0,90000.0,105000.0,2025-11-30,South,Bengaluru
187,187,8,4,65000.0,260000.0,120000.0,140000.0,2025-11-30,South,Chennai
188,188,7,1,110000.0,110000.0,55000.0,55000.0,2025-12-01,South,Hyderabad
189,189,5,3,95000.0,285000.0,150000.0,135000.0,2025-12-02,West,Pune
190,190,7,2,110000.0,220000.0,110000.0,110000.0,2025-12-03,West,Mumbai
191,191,3,2,45000.0,90000.0,56000.0,34000.0,2025-12-04,West,Mumbai
192,192,5,3,95000.0,285000.0,150000.0,135000.0,2025-12-05,North,Delhi
193,193,7,1,110000.0,110000.0,55000.0,55000.0,2025-12-05,South,Hyderabad
194,194,8,2,65000.0,130000.0,60000.0,70000.0,2025-12-06,South,Chennai
195,195,4,3,85000.0,255000.0,126000.0,129000.0,2025-12-06,West,Mumbai
196,196,2,1,240000.0,240000.0,110000.0,130000.0,2025-12-06,South,Hyderabad
197,197,7,4,110000.0,440000.0,220000.0,220000.0,2025-12-07,South,Chennai
198,198,1,1,125000.0,125000.0,75000.0,50000.0,2025-12-08,South,Chennai
199,199,3,1,45000.0,45000.0,28000.0,17000.0,2025-12-08,South,Hyderabad
200,200,7,3,110000.0,330000.0,165000.0,165000.0,2025-12-08,West,Mumbai
201,201,2,1,240000.0,240000.0,110000.0,130000.0,2025-12-08,West,Mumbai
202,202,4,4,85000.0,340000.0,168000.0,172000.0,2025-12-08,South,Bengaluru
203,203,2,3,240000.0,720000.0,330000.0,390000.0,2025-12-09,North,Delhi
204,204,1,2,125000.0,250000.0,150000.0,100000.0,2025-12-09,North,Delhi
205,205,1,2,125000.0,250000.0,150000.0,100000.0,2025-12-09,West,Pune
206,206,7,1,110000.0,110000.0,55000.0,55000.0,2025-12-10,South,Chennai
207,207,3,2,45000.0,90000.0,56000.0,34000.0,2025-12-10,West,Pune
208,208,7,3,110000.0,330000.0,165000.0,165000.0,2025-12-10,South,Hyderabad
209,209,3,1,45000.0,45000.0,28000.0,17000.0,2025-12-10,South,Hyderabad
210,210,6,1,180000.0,180000.0,120000.0,60000.0,2025-12-10,West,Mumbai
211,211,4,1,85000.0,85000.0,42000.0,43000.0,2025-12-11,South,Hyderabad
212,212,7,3,110000.0,330000.0,165000.0,165000.0,2025-12-12,West,Pune
213,213,5,4,95000.0,380000.0,200000.0,180000.0,2025-12-12,South,Chennai
214,214,4,3,85000.0,255000.0,126000.0,129000.0,2025-12-12,South,Bengaluru
215,215,7,2,110000.0,220000.0,110000.0,110000.0,2025-12-13,West,Pune
216,216,7,1,110000.0,110000.0,55000.0,55000.0,2025-12-13,North,Delhi
217,217,5,2,95000.0,190000.0,100000.0,90000.0,2025-12-13,South,Chennai
218,218,2,1,240000.0,240000.0,110000.0,130000.0,2025-12-13,South,Hyderabad
219,219,3,4,45000.0,180000.0,112000.0,68000.0,2025-12-13,South,Hyderabad
220,220,7,3,110000.0,330000.0,165000.0,165000.0,2025-12-14,West,Pune
221,221,2,1,240000.0,240000.0,110000.0,130000.0,2025-12-14,North,Delhi
222,222,8,3,65000.0,195000.0,90000.0,105000.0,2025-12-15,North,Delhi
223,223,3,1,45000.0,45000.0,28000.0,17000.0,2025-12-16,South,Bengaluru
224,224,7,4,110000.0,440000.0,220000.0,220000.0,2025-12-16,West,Pune
225,225,7,1,110000.0,110000.0,55000.0,55000.0,2025-12-16,South,Hyderabad
226,226,6,1,180000.0,180000.0,120000.0,60000.0,2025-12-17,South,Chennai
227,227,6,4,180000.0,720000.0,480000.0,240000.0,2025-12-18,South,Chennai
228,228,5,4,95000.0,380000.0,200000.0,180000.0,2025-12-18,West,Mumbai
229,229,2,2,240000.0,480000.0,220000.0,260000.0,2025-12-18,South,Bengaluru
230,230,3,4,45000.0,180000.0,112000.0,68000.0,2025-12-18,West,Mumbai
231,231,3,3,45000.0,135000.0,84000.0,51000.0,2025-12-18,North,Delhi
232,232,8,2,65000.0,130000.0,60000.0,70000.0,2025-12-19,South,Hyderabad
233,233,3,4,45000.0,180000.0,112000.0,68000.0,2025-12-19,West,Pune
234,234,7,3,110000.0,330000.0,165000.0,165000.0,2025-12-19,South,Hyderabad
235,235,6,3,180000.0,540000.0,360000.0,180000.0,2025-12-20,North,Delhi
236,236,8,2,65000.0,130000.0,60000.0,70000.0,2025-12-20,North,Delhi
237,237,2,2,240000.0,480000.0,220000.0,260000.0,2025-12-20,West,Mumbai
238,238,1,4,125000.0,500000.0,300000.0,200000.0,2025-12-20,South,Bengaluru
239,239,7,3,110000.0,330000.0,165000.0,165000.0,2025-12-21,North,Delhi
240,240,6,4,180000.0,720000.0,480000.0,240000.0,2025-12-21,South,Bengaluru
241,241,3,3,45000.0,135000.0,84000.0,51000.0,2025-12-21,South,Chennai
242,242,4,4,85000.0,340000.0,168000.0,172000.0,2025-12-22,West,Pune
243,243,3,4,45000.0,180000.0,112000.0,68000.0,2025-12-22,West,Pune
244,244,5,4,95000.0,380000.0,200000.0,180000.0,2025-12-22,South,Hyderabad
245,245,6,4,180000.0,720000.0,480000.0,240000.0,2025-12-23,North,Delhi
246,246,7,3,110000.0,330000.0,165000.0,165000.0,2025-12-23,South,Hyderabad
247,247,4,2,85000.0,170000.0,84000.0,86000.0,2025-12-23,West,Pune
248,248,1,4,125000.0,500000.0,300000.0,200000.0,2025-12-23,North,Delhi
249,249,4,4,85000.0,340000.0,168000.0,172000.0,2025-12-23,West,Pune
250,250,2,4,240000.0,960000.0,440000.0,520000.0,2025-12-24,South,Bengaluru
251,251,8,2,65000.0,130000.0,60000.0,70000.0,2025-12-24,South,Bengaluru
252,252,5,2,95000.0,190000.0,100000.0,90000.0,2025-12-24,South,Bengaluru
253,253,3,4,45000.0,180000.0,112000.0,68000.0,2025-12-25,South,Bengaluru
254,254,2,4,240000.0,960000.0,440000.0,520000.0,2025-12-25,West,Pune
255,255,8,4,65000.0,260000.0,120000.0,140000.0,2025-12-25,South,Chennai
256,256,7,1,110000.0,110000.0,55000.0,55000.0,2025-12-26,South,Hyderabad
257,257,2,1,240000.0,240000.0,110000.0,130000.0,2025-12-26,North,Delhi
258,258,4,3,85000.0,255000.0,126000.0,129000.0,2025-12-26,North,Delhi
259,259,1,4,125000.0,500000.0,300000.0,200000.0,2025-12-26,South,Chennai
260,260,6,4,180000.0,720000.0,480000.0,240000.0,2025-12-26,South,Bengaluru
261,261,2,3,240000.0,720000.0,330000.0,390000.0,2025-12-27,South,Chennai
262,262,4,4,85000.0,340000.0,168000.0,172000.0,2025-12-28,West,Pune
263,263,7,4,110000.0,440000.0,220000.0,220000.0,2025-12-28,South,Chennai
264,264,3,3,45000.0,135000.0,84000.0,51000.0,2025-12-29,West,Mumbai
265,265,8,1,65000.0,65000.0,30000.0,35000.0,2025-12-29,West,Mumbai
266,266,7,1,110000.0,110000.0,55000.0,55000.0,2025-12-29,South,Hyderabad
267,267,3,3,45000.0,135000.0,84000.0,51000.0,2025-12-29,West,Pune
268,268,6,4,180000.0,720000.0,480000.0,240000.0,2025-12-29,South,Chennai
269,269,8,3,65000.0,195000.0,90000.0,105000.0,2025-12-30,South,Hyderabad
270,270,2,4,240000.0,960000.0,440000.0,520000.0,2025-12-30,South,Chennai
271,271,2,3,240000.0,720000.0,330000.0,390000.0,2025-12-31,South,Hyderabad
272,272,2,1,240000.0,240000.0,110000.0,130000.0,2025-12-31,North,Delhi
273,273,2,2,240000.0,480000.0,220000.0,260000.0,2025-12-31,West,Mumbai
274,274,4,2,85000.0,170000.0,84000.0,86000.0,2025-12-31,West,Pune
275,275,6,4,180000.0,720000.0,480000.0,240000.0,2026-01-01,South,Bengaluru
276,276,4,4,85000.0,340000.0,168000.0,172000.0,2026-01-01,South,Chennai
277,277,3,2,45000.0,90000.0,56000.0,34000.0,2026-01-01,North,Delhi
278,278,7,4,110000.0,440000.0,220000.0,220000.0,2026-01-01,West,Mumbai
279,279,4,4,85000.0,340000.0,168000.0,172000.0,2026-01-01,South,Chennai
280,280,7,1,110000.0,110000.0,55000.0,55000.0,2026-01-02,South,Chennai
281,281,4,2,85000.0,170000.0,84000.0,86000.0,2026-01-02,West,Mumbai
282,282,2,1,240000.0,240000.0,110000.0,130000.0,2026-01-02,South,Hyderabad
283,283,3,3,45000.0,135000.0,84000.0,51000.0,2026-01-02,South,Bengaluru
284,284,4,4,85000.0,340000.0,168000.0,172000.0,2026-01-02,West,Mumbai
285,285,8,3,65000.0,195000.0,90000.0,105000.0,2026-01-03,South,Hyderabad
286,286,7,1,110000.0,110000.0,55000.0,55000.0,2026-01-04,South,Bengaluru
287,287,6,4,180000.0,720000.0,480000.0,240000.0,2026-01-04,South,Bengaluru
288,288,3,3,45000.0,135000.0,84000.0,51000.0,2026-01-04,North,Delhi
289,289,2,2,240000.0,480000.0,220000.0,260000.0,2026-01-04,West,Pune
290,290,2,2,240000.0,480000.0,220000.0,260000.0,2026-01-04,West,Pune
291,291,3,3,45000.0,135000.0,84000.0,51000.0,2026-01-05,West,Pune
292,292,3,4,45000.0,180000.0,112000.0,68000.0,2026-01-05,South,Bengaluru
293,293,3,4,45000.0,180000.0,112000.0,68000.0,2026-01-05,North,Delhi
294,294,8,2,65000.0,130000.0,60000.0,70000.0,2026-01-06,West,Pune
295,295,3,4,45000.0,180000.0,112000.0,68000.0,2026-01-06,South,Hyderabad
296,296,3,2,45000.0,90000.0,56000.0,34000.0,2026-01-06,West,Pune
297,297,8,1,65000.0,65000.0,30000.0,35000.0,2026-01-06,West,Pune
298,298,8,2,65000.0,130000.0,60000.0,70000.0,2026-01-07,South,Chennai
299,299,7,4,110000.0,440000.0,220000.0,220000.0,2026-01-07,West,Pune
300,300,8,4,65000.0,260000.0,120000.0,140000.0,2026-01-07,North,Delhi
301,301,3,1,45000.0,45000.0,28000.0,17000.0,2026-01-08,South,Bengaluru
302,302,1,2,125000.0,250000.0,150000.0,100000.0,2026-01-08,West,Mumbai
303,303,1,3,125000.0,375000.0,225000.0,150000.0,2026-01-08,South,Bengaluru
304,304,5,2,95000.0,190000.0,100000.0,90000.0,2026-01-08,North,Delhi
305,305,8,1,65000.0,65000.0,30000.0,35000.0,2026-01-09,West,Mumbai
306,306,2,3,240000.0,720000.0,330000.0,390000.0,2026-01-09,West,Mumbai
307,307,6,1,180000.0,180000.0,120000.0,60000.0,2026-01-09,South,Bengaluru
308,308,8,2,65000.0,130000.0,60000.0,70000.0,2026-01-09,South,Chennai
309,309,4,3,85000.0,255000.0,126000.0,129000.0,2026-01-10,South,Bengaluru
310,310,8,3,65000.0,195000.0,90000.0,105000.0,2026-01-10,South,Bengaluru
311,311,2,4,240000.0,960000.0,440000.0,520000.0,2026-01-10,South,Bengaluru
312,312,4,2,85000.0,170000.0,84000.0,86000.0,2026-01-10,West,Pune
313,313,6,4,180000.0,720000.0,480000.0,240000.0,2026-01-11,West,Mumbai
314,314,3,2,45000.0,90000.0,56000.0,34000.0,2026-01-11,South,Chennai
315,315,1,3,125000.0,375000.0,225000.0,150000.0,2026-01-11,West,Pune
316,316,5,2,95000.0,190000.0,100000.0,90000.0,2026-01-11,West,Pune
317,317,5,3,95000.0,285000.0,150000.0,135000.0,2026-01-11,South,Bengaluru
318,318,2,2,240000.0,480000.0,220000.0,260000.0,2026-01-12,South,Hyderabad
319,319,7,1,110000.0,110000.0,55000.0,55000.0,2026-01-12,South,Bengaluru
320,320,3,2,45000.0,90000.0,56000.0,34000.0,2026-01-12,South,Hyderabad
321,321,3,3,45000.0,135000.0,84000.0,51000.0,2026-01-12,North,Delhi
322,322,7,4,110000.0,440000.0,220000.0,220000.0,2026-01-12,North,Delhi
323,323,5,4,95000.0,380000.0,200000.0,180000.0,2026-01-13,West,Mumbai
324,324,8,1,65000.0,65000.0,30000.0,35000.0,2026-01-13,West,Pune
325,325,5,3,95000.0,285000.0,150000.0,135000.0,2026-01-14,South,Chennai
326,326,6,1,180000.0,180000.0,120000.0,60000.0,2026-01-15,North,Delhi
327,327,2,4,240000.0,960000.0,440000.0,520000.0,2026-01-15,South,Bengaluru
328,328,6,1,180000.0,180000.0,120000.0,60000.0,2026-01-15,South,Bengaluru
329,329,7,2,110000.0,220000.0,110000.0,110000.0,2026-01-15,West,Pune
330,330,8,3,65000.0,195000.0,90000.0,105000.0,2026-01-16,West,Pune
331,331,5,3,95000.0,285000.0,150000.0,135000.0,2026-01-16,South,Bengaluru
332,332,3,4,45000.0,180000.0,112000.0,68000.0,2026-01-16,South,Hyderabad
333,333,1,1,125000.0,125000.0,75000.0,50000.0,2026-01-16,West,Mumbai
334,334,8,1,65000.0,65000.0,30000.0,35000.0,2026-01-17,North,Delhi
335,335,8,4,65000.0,260000.0,120000.0,140000.0,2026-01-18,South,Bengaluru
336,336,4,2,85000.0,170000.0,84000.0,86000.0,2026-01-19,South,Chennai
337,337,5,1,95000.0,95000.0,50000.0,45000.0,2026-01-20,South,Bengaluru
338,338,6,3,180000.0,540000.0,360000.0,180000.0,2026-01-20,West,Mumbai
339,339,6,2,180000.0,360000.0,240000.0,120000.0,2026-01-20,South,Hyderabad
340,340,5,2,95000.0,190000.0,100000.0,90000.0,2026-01-21,North,Delhi
341,341,2,1,240000.0,240000.0,110000.0,130000.0,2026-01-22,West,Mumbai
342,342,4,4,85000.0,340000.0,168000.0,172000.0,2026-01-22,South,Chennai
343,343,3,2,45000.0,90000.0,56000.0,34000.0,2026-01-22,North,Delhi
344,344,8,1,65000.0,65000.0,30000.0,35000.0,2026-01-22,South,Bengaluru
345,345,6,1,180000.0,180000.0,120000.0,60000.0,2026-01-23,West,Mumbai
346,346,3,4,45000.0,180000.0,112000.0,68000.0,2026-01-24,South,Bengaluru
347,347,4,4,85000.0,340000.0,168000.0,172000.0,2026-01-24,South,Chennai
348,348,2,1,240000.0,240000.0,110000.0,130000.0,2026-01-24,South,Chennai
349,349,6,3,180000.0,540000.0,360000.0,180000.0,2026-01-24,West,Pune
350,350,3,2,45000.0,90000.0,56000.0,34000.0,2026-01-25,West,Pune
351,351,1,2,125000.0,250000.0,150000.0,100000.0,2026-01-25,South,Bengaluru
352,352,4,2,85000.0,170000.0,84000.0,86000.0,2026-01-26,South,Bengaluru
353,353,8,2,65000.0,130000.0,60000.0,70000.0,2026-01-26,South,Bengaluru
354,354,2,2,240000.0,480000.0,220000.0,260000.0,2026-01-26,South,Chennai
355,355,2,4,240000.0,960000.0,440000.0,520000.0,2026-01-26,South,Bengaluru
356,356,6,2,180000.0,360000.0,240000.0,120000.0,2026-01-27,South,Chennai
357,357,5,1,95000.0,95000.0,50000.0,45000.0,2026-01-27,North,Delhi
358,358,5,1,95000.0,95000.0,50000.0,45000.0,2026-01-27,North,Delhi
359,359,4,4,85000.0,340000.0,168000.0,172000.0,2026-01-28,West,Pune
360,360,1,2,125000.0,250000.0,150000.0,100000.0,2026-01-28,South,Hyderabad
361,361,7,1,110000.0,110000.0,55000.0,55000.0,2026-01-28,South,Chennai
362,362,2,1,240000.0,240000.0,110000.0,130000.0,2026-01-29,West,Mumbai
363,363,6,2,180000.0,360000.0,240000.0,120000.0,2026-01-29,North,Delhi
364,364,7,3,110000.0,330000.0,165000.0,165000.0,2026-01-30,South,Hyderabad
365,365,3,4,45000.0,180000.0,112000.0,68000.0,2026-01-30,North,Delhi
366,366,2,1,240000.0,240000.0,110000.0,130000.0,2026-01-30,South,Chennai
367,367,2,1,240000.0,240000.0,110000.0,130000.0,2026-01-30,South,Hyderabad
368,368,1,1,125000.0,125000.0,75000.0,50000.0,2026-01-31,South,Bengaluru
369,369,5,4,95000.0,380000.0,200000.0,180000.0,2026-01-31,North,Delhi
370,370,7,1,110000.0,110000.0,55000.0,55000.0,2026-01-31,West,Mumbai
371,371,3,3,45000.0,135000.0,84000.0,51000.0,2026-02-01,South,Bengaluru
372,372,5,1,95000.0,95000.0,50000.0,45000.0,2026-02-01,South,Hyderabad
373,373,4,2,85000.0,170000.0,84000.0,86000.0,2026-02-01,West,Pune
374,374,6,4,180000.0,720000.0,480000.0,240000.0,2026-02-01,South,Bengaluru
375,375,2,3,240000.0,720000.0,330000.0,390000.0,2026-02-01,South,Hyderabad
376,376,4,1,85000.0,85000.0,42000.0,43000.0,2026-02-02,South,Hyderabad
377,377,2,4,240000.0,960000.0,440000.0,520000.0,2026-02-02,North,Delhi
378,378,8,1,65000.0,65000.0,30000.0,35000.0,2026-02-02,West,Pune
379,379,3,1,45000.0,45000.0,28000.0,17000.0,2026-02-02,South,Chennai
380,380,3,1,45000.0,45000.0,28000.0,17000.0,2026-02-03,West,Pune
381,381,6,3,180000.0,540000.0,360000.0,180000.0,2026-02-04,West,Mumbai
382,382,6,2,180000.0,360000.0,240000.0,120000.0,2026-02-04,South,Chennai
383,383,2,1,240000.0,240000.0,110000.0,130000.0,2026-02-05,South,Bengaluru
384,384,7,3,110000.0,330000.0,165000.0,165000.0,2026-02-05,South,Hyderabad
385,385,2,3,240000.0,720000.0,330000.0,390000.0,2026-02-05,South,Hyderabad
386,386,2,4,240000.0,960000.0,440000.0,520000.0,2026-02-06,North,Delhi
387,387,6,1,180000.0,180000.0,120000.0,60000.0,2026-02-06,South,Chennai
388,388,3,3,45000.0,135000.0,84000.0,51000.0,2026-02-06,West,Mumbai
389,389,5,1,95000.0,95000.0,50000.0,45000.0,2026-02-06,South,Bengaluru
390,390,2,2,240000.0,480000.0,220000.0,260000.0,2026-02-06,West,Mumbai
391,391,1,1,125000.0,125000.0,75000.0,50000.0,2026-02-07,South,Chennai
392,392,1,4,125000.0,500000.0,300000.0,200000.0,2026-02-07,North,Delhi
393,393,7,2,110000.0,220000.0,110000.0,110000.0,2026-02-07,South,Chennai
394,394,1,4,125000.0,500000.0,300000.0,200000.0,2026-02-07,West,Mumbai
395,395,6,2,180000.0,360000.0,240000.0,120000.0,2026-02-07,North,Delhi
396,396,6,3,180000.0,540000.0,360000.0,180000.0,2026-02-08,South,Bengaluru
397,397,6,1,180000.0,180000.0,120000.0,60000.0,2026-02-08,North,Delhi
398,398,1,2,125000.0,250000.0,150000.0,100000.0,2026-02-08,West,Mumbai
399,399,1,4,125000.0,500000.0,300000.0,200000.0,2026-02-08,North,Delhi
400,400,5,3,95000.0,285000.0,150000.0,135000.0,2026-02-09,South,Bengaluru
401,401,8,1,65000.0,65000.0,30000.0,35000.0,2026-02-10,South,Chennai
402,402,4,3,85000.0,255000.0,126000.0,129000.0,2026-02-10,North,Delhi
403,403,5,2,95000.0,190000.0,100000.0,90000.0,2026-02-10,West,Mumbai
404,404,8,2,65000.0,130000.0,60000.0,70000.0,2026-02-11,North,Delhi
405,405,4,2,85000.0,170000.0,84000.0,86000.0,2026-02-11,South,Bengaluru
406,406,7,1,110000.0,110000.0,55000.0,55000.0,2026-02-11,South,Hyderabad
407,407,6,1,180000.0,180000.0,120000.0,60000.0,2026-02-11,South,Bengaluru
408,408,7,3,110000.0,330000.0,165000.0,165000.0,2026-02-12,South,Chennai
409,409,4,2,85000.0,170000.0,84000.0,86000.0,2026-02-12,South,Bengaluru
410,410,8,1,65000.0,65000.0,30000.0,35000.0,2026-02-12,North,Delhi
411,411,5,1,95000.0,95000.0,50000.0,45000.0,2026-02-13,South,Hyderabad
412,412,4,4,85000.0,340000.0,168000.0,172000.0,2026-02-13,North,Delhi
413,413,2,1,240000.0,240000.0,110000.0,130000.0,2026-02-14,West,Mumbai
414,414,3,4,45000.0,180000.0,112000.0,68000.0,2026-02-14,South,Hyderabad
415,415,1,4,125000.0,500000.0,300000.0,200000.0,2026-02-14,North,Delhi
416,416,5,3,95000.0,285000.0,150000.0,135000.0,2026-02-15,South,Bengaluru
417,417,7,3,110000.0,330000.0,165000.0,165000.0,2026-02-15,West,Pune
418,418,5,2,95000.0,190000.0,100000.0,90000.0,2026-02-16,North,Delhi
419,419,4,2,85000.0,170000.0,84000.0,86000.0,2026-02-16,North,Delhi
420,420,2,2,240000.0,480000.0,220000.0,260000.0,2026-02-16,South,Hyderabad
421,421,8,4,65000.0,260000.0,120000.0,140000.0,2026-02-17,South,Chennai
422,422,2,3,240000.0,720000.0,330000.0,390000.0,2026-02-18,North,Delhi
423,423,4,4,85000.0,340000.0,168000.0,172000.0,2026-02-18,South,Chennai
424,424,8,3,65000.0,195000.0,90000.0,105000.0,2026-02-18,North,Delhi
425,425,3,3,45000.0,135000.0,84000.0,51000.0,2026-02-19,West,Mumbai
426,426,4,3,85000.0,255000.0,126000.0,129000.0,2026-02-20,North,Delhi
427,427,2,2,240000.0,480000.0,220000.0,260000.0,2026-02-20,North,Delhi
428,428,7,1,110000.0,110000.0,55000.0,55000.0,2026-02-20,South,Hyderabad
429,429,5,3,95000.0,285000.0,150000.0,135000.0,2026-02-20,West,Pune
430,430,1,4,125000.0,500000.0,300000.0,200000.0,2026-02-20,South,Hyderabad
431,431,4,1,85000.0,85000.0,42000.0,43000.0,2026-02-21,South,Hyderabad
432,432,2,2,240000.0,480000.0,220000.0,260000.0,2026-02-21,South,Chennai
433,433,1,1,125000.0,125000.0,75000.0,50000.0,2026-02-21,West,Pune
434,434,4,2,85000.0,170000.0,84000.0,86000.0,2026-02-21,South,Hyderabad
435,435,6,1,180000.0,180000.0,120000.0,60000.0,2026-02-22,South,Chennai
436,436,5,1,95000.0,95000.0,50000.0,45000.0,2026-02-22,South,Hyderabad
437,437,4,4,85000.0,340000.0,168000.0,172000.0,2026-02-23,West,Pune
438,438,6,1,180000.0,180000.0,120000.0,60000.0,2026-02-24,West,Mumbai
439,439,8,1,65000.0,65000.0,30000.0,35000.0,2026-02-24,North,Delhi
440,440,7,4,110000.0,440000.0,220000.0,220000.0,2026-02-25,West,Mumbai
441,441,1,4,125000.0,500000.0,300000.0,200000.0,2026-02-25,West,Mumbai
442,442,6,2,180000.0,360000.0,240000.0,120000.0,2026-02-26,South,Hyderabad
443,443,5,3,95000.0,285000.0,150000.0,135000.0,2026-02-26,West,Pune
444,444,3,1,45000.0,45000.0,28000.0,17000.0,2026-02-26,South,Bengaluru
445,445,4,3,85000.0,255000.0,126000.0,129000.0,2026-02-26,West,Pune
446,446,8,1,65000.0,65000.0,30000.0,35000.0,2026-02-27,South,Bengaluru
447,447,5,4,95000.0,380000.0,200000.0,180000.0,2026-02-27,South,Chennai
448,448,7,2,110000.0,220000.0,110000.0,110000.0,2026-02-27,South,Bengaluru
449,449,4,1,85000.0,85000.0,42000.0,43000.0,2026-02-27,South,Chennai
450,450,6,4,180000.0,720000.0,480000.0,240000.0,2026-02-28,South,Hyderabad
451,451,8,3,65000.0,195000.0,90000.0,105000.0,2026-02-28,North,Delhi
452,452,6,4,180000.0,720000.0,480000.0,240000.0,2026-02-28,West,Mumbai
453,453,3,1,45000.0,45000.0,28000.0,17000.0,2026-02-28,South,Hyderabad
454,454,4,1,85000.0,85000.0,42000.0,43000.0,2026-03-01,West,Pune
455,455,5,1,95000.0,95000.0,50000.0,45000.0,2026-03-01,South,Hyderabad
456,456,6,2,180000.0,360000.0,240000.0,120000.0,2026-03-01,North,Delhi
457,457,4,2,85000.0,170000.0,84000.0,86000.0,2026-03-02,South,Hyderabad
458,458,1,2,125000.0,250000.0,150000.0,100000.0,2026-03-02,South,Hyderabad
459,459,6,2,180000.0,360000.0,240000.0,120000.0,2026-03-03,South,Bengaluru
460,460,4,3,85000.0,255000.0,126000.0,129000.0,2026-03-03,West,Mumbai
461,461,6,1,180000.0,180000.0,120000.0,60000.0,2026-03-03,North,Delhi
462,462,6,2,180000.0,360000.0,240000.0,120000.0,2026-03-03,West,Mumbai
463,463,4,4,85000.0,340000.0,168000.0,172000.0,2026-03-03,West,Mumbai
464,464,3,4,45000.0,180000.0,112000.0,68000.0,2026-03-04,South,Chennai
465,465,2,1,240000.0,240000.0,110000.0,130000.0,2026-03-04,South,Hyderabad
466,466,4,1,85000.0,85000.0,42000.0,43000.0,2026-03-04,South,Bengaluru
467,467,8,1,65000.0,65000.0,30000.0,35000.0,2026-03-04,South,Hyderabad
468,468,4,2,85000.0,170000.0,84000.0,86000.0,2026-03-04,South,Hyderabad
469,469,3,3,45000.0,135000.0,84000.0,51000.0,2026-03-05,West,Mumbai
470,470,1,2,125000.0,250000.0,150000.0,100000.0,2026-03-05,South,Chennai
471,471,3,1,45000.0,45000.0,28000.0,17000.0,2026-03-05,South,Hyderabad
472,472,2,3,240000.0,720000.0,330000.0,390000.0,2026-03-06,South,Chennai
473,473,7,1,110000.0,110000.0,55000.0,55000.0,2026-03-06,West,Mumbai
474,474,5,3,95000.0,285000.0,150000.0,135000.0,2026-03-06,North,Delhi
475,475,3,4,45000.0,180000.0,112000.0,68000.0,2026-03-06,South,Bengaluru
476,476,8,3,65000.0,195000.0,90000.0,105000.0,2026-03-06,West,Mumbai
477,477,6,2,180000.0,360000.0,240000.0,120000.0,2026-03-07,West,Pune
478,478,3,4,45000.0,180000.0,112000.0,68000.0,2026-03-07,West,Mumbai
479,479,5,2,95000.0,190000.0,100000.0,90000.0,2026-03-08,South,Bengaluru
480,480,1,4,125000.0,500000.0,300000.0,200000.0,2026-03-08,West,Mumbai
481,481,1,2,125000.0,250000.0,150000.0,100000.0,2026-03-08,South,Chennai
482,482,4,1,85000.0,85000.0,42000.0,43000.0,2026-03-09,South,Hyderabad
483,483,3,3,45000.0,135000.0,84000.0,51000.0,2026-03-09,West,Mumbai
484,484,2,2,240000.0,480000.0,220000.0,260000.0,2026-03-09,West,Mumbai
485,485,6,2,180000.0,360000.0,240000.0,120000.0,2026-03-09,North,Delhi
486,486,2,3,240000.0,720000.0,330000.0,390000.0,2026-03-09,South,Bengaluru
487,487,5,2,95000.0,190000.0,100000.0,90000.0,2026-03-10,South,Chennai
488,488,2,3,240000.0,720000.0,330000.0,390000.0,2026-03-10,North,Delhi
489,489,2,1,240000.0,240000.0,110000.0,130000.0,2026-03-10,West,Mumbai
490,490,7,4,110000.0,440000.0,220000.0,220000.0,2026-03-10,South,Hyderabad
491,491,7,4,110000.0,440000.0,220000.0,220000.0,2026-03-11,South,Chennai
492,492,6,4,180000.0,720000.0,480000.0,240000.0,2026-03-11,West,Pune
493,493,8,2,65000.0,130000.0,60000.0,70000.0,2026-03-11,South,Hyderabad
494,494,8,1,65000.0,65000.0,30000.0,35000.0,2026-03-11,South,Bengaluru
495,495,1,3,125000.0,375000.0,225000.0,150000.0,2026-03-12,South,Hyderabad
496,496,2,3,240000.0,720000.0,330000.0,390000.0,2026-03-13,South,Bengaluru
497,497,7,2,110000.0,220000.0,110000.0,110000.0,2026-03-13,North,Delhi
498,498,2,1,240000.0,240000.0,110000.0,130000.0,2026-03-13,South,Bengaluru
499,499,8,1,65000.0,65000.0,30000.0,35000.0,2026-03-14,West,Pune
500,500,3,4,45000.0,180000.0,112000.0,68000.0,2026-03-14,West,Mumbai
501,501,1,1,125000.0,125000.0,75000.0,50000.0,2026-03-14,South,Bengaluru
502,502,4,4,85000.0,340000.0,168000.0,172000.0,2026-03-15,West,Pune
503,503,5,3,95000.0,285000.0,150000.0,135000.0,2026-03-15,West,Mumbai
504,504,4,1,85000.0,85000.0,42000.0,43000.0,2026-03-15,West,Pune
505,505,8,2,65000.0,130000.0,60000.0,70000.0,2026-03-16,South,Hyderabad
506,506,1,4,125000.0,500000.0,300000.0,200000.0,2026-03-17,North,Delhi
507,507,8,2,65000.0,130000.0,60000.0,70000.0,2026-03-18,South,Hyderabad
508,508,4,2,85000.0,170000.0,84000.0,86000.0,2026-03-19,West,Mumbai
509,509,8,1,65000.0,65000.0,30000.0,35000.0,2026-03-20,South,Bengaluru
510,510,7,4,110000.0,440000.0,220000.0,220000.0,2026-03-20,North,Delhi
511,511,5,1,95000.0,95000.0,50000.0,45000.0,2026-03-20,South,Bengaluru
512,512,3,3,45000.0,135000.0,84000.0,51000.0,2026-03-21,South,Bengaluru
513,513,6,2,180000.0,360000.0,240000.0,120000.0,2026-03-21,West,Pune
514,514,1,3,125000.0,375000.0,225000.0,150000.0,2026-03-21,South,Bengaluru
515,515,8,3,65000.0,195000.0,90000.0,105000.0,2026-03-21,South,Bengaluru
516,516,5,1,95000.0,95000.0,50000.0,45000.0,2026-03-21,North,Delhi
517,517,2,1,240000.0,240000.0,110000.0,130000.0,2026-03-22,South,Bengaluru
518,518,6,4,180000.0,720000.0,480000.0,240000.0,2026-03-22,South,Chennai
519,519,1,4,125000.0,500000.0,300000.0,200000.0,2026-03-23,South,Bengaluru
520,520,7,4,110000.0,440000.0,220000.0,220000.0,2026-03-23,South,Hyderabad
521,521,4,4,85000.0,340000.0,168000.0,172000.0,2026-03-23,West,Mumbai
522,522,2,4,240000.0,960000.0,440000.0,520000.0,2026-03-23,West,Pune
523,523,1,2,125000.0,250000.0,150000.0,100000.0,2026-03-23,South,Hyderabad
524,524,8,2,65000.0,130000.0,60000.0,70000.0,2026-03-24,South,Hyderabad
525,525,4,2,85000.0,170000.0,84000.0,86000.0,2026-03-25,West,Pune
526,526,7,1,110000.0,110000.0,55000.0,55000.0,2026-03-25,North,Delhi
527,527,3,3,45000.0,135000.0,84000.0,51000.0,2026-03-26,North,Delhi
528,528,2,1,240000.0,240000.0,110000.0,130000.0,2026-03-26,South,Hyderabad
529,529,7,3,110000.0,330000.0,165000.0,165000.0,2026-03-26,South,Bengaluru
530,530,8,1,65000.0,65000.0,30000.0,35000.0,2026-03-26,South,Hyderabad
531,531,7,1,110000.0,110000.0,55000.0,55000.0,2026-03-27,South,Hyderabad
532,532,3,2,45000.0,90000.0,56000.0,34000.0,2026-03-27,South,Chennai
533,533,2,1,240000.0,240000.0,110000.0,130000.0,2026-03-27,South,Hyderabad
534,534,2,3,240000.0,720000.0,330000.0,390000.0,2026-03-27,West,Mumbai
535,535,6,4,180000.0,720000.0,480000.0,240000.0,2026-03-27,South,Bengaluru
536,536,8,4,65000.0,260000.0,120000.0,140000.0,2026-03-28,South,Hyderabad
537,537,3,3,45000.0,135000.0,84000.0,51000.0,2026-03-28,South,Hyderabad
538,538,3,4,45000.0,180000.0,112000.0,68000.0,2026-03-28,South,Chennai
539,539,6,2,180000.0,360000.0,240000.0,120000.0,2026-03-29,North,Delhi
540,540,8,3,65000.0,195000.0,90000.0,105000.0,2026-03-30,West,Mumbai
541,541,6,3,180000.0,540000.0,360000.0,180000.0,2026-03-31,South,Chennai
542,542,5,4,95000.0,380000.0,200000.0,180000.0,2026-03-31,South,Chennai
543,543,2,2,240000.0,480000.0,220000.0,260000.0,2026-03-31,West,Mumbai
544,544,8,3,65000.0,195000.0,90000.0,105000.0,2026-04-01,West,Pune
545,545,7,1,110000.0,110000.0,55000.0,55000.0,2026-04-01,South,Hyderabad
546,546,4,4,85000.0,340000.0,168000.0,172000.0,2026-04-02,West,Mumbai
547,547,8,3,65000.0,195000.0,90000.0,105000.0,2026-04-02,West,Pune
548,548,3,1,45000.0,45000.0,28000.0,17000.0,2026-04-03,South,Bengaluru
549,549,7,2,110000.0,220000.0,110000.0,110000.0,2026-04-04,West,Pune
550,550,1,2,125000.0,250000.0,150000.0,100000.0,2026-04-04,South,Hyderabad
551,551,4,1,85000.0,85000.0,42000.0,43000.0,2026-04-04,West,Pune
552,552,8,1,65000.0,65000.0,30000.0,35000.0,2026-04-05,South,Bengaluru
553,553,4,3,85000.0,255000.0,126000.0,129000.0,2026-04-05,North,Delhi
554,554,7,1,110000.0,110000.0,55000.0,55000.0,2026-04-06,South,Chennai
555,555,1,2,125000.0,250000.0,150000.0,100000.0,2026-04-06,North,Delhi
556,556,8,4,65000.0,260000.0,120000.0,140000.0,2026-04-06,South,Chennai
557,557,6,3,180000.0,540000.0,360000.0,180000.0,2026-04-07,South,Chennai
558,558,5,1,95000.0,95000.0,50000.0,45000.0,2026-04-07,South,Bengaluru
559,559,7,1,110000.0,110000.0,55000.0,55000.0,2026-04-08,South,Chennai
560,560,4,2,85000.0,170000.0,84000.0,86000.0,2026-04-08,South,Bengaluru
561,561,4,2,85000.0,170000.0,84000.0,86000.0,2026-04-08,South,Chennai
562,562,7,1,110000.0,110000.0,55000.0,55000.0,2026-04-09,South,Chennai
563,563,1,4,125000.0,500000.0,300000.0,200000.0,2026-04-09,South,Hyderabad
564,564,3,1,45000.0,45000.0,28000.0,17000.0,2026-04-09,West,Pune
565,565,5,3,95000.0,285000.0,150000.0,135000.0,2026-04-10,West,Pune
566,566,7,3,110000.0,330000.0,165000.0,165000.0,2026-04-10,West,Mumbai
567,567,4,4,85000.0,340000.0,168000.0,172000.0,2026-04-11,West,Pune
568,568,7,1,110000.0,110000.0,55000.0,55000.0,2026-04-11,South,Bengaluru
569,569,6,3,180000.0,540000.0,360000.0,180000.0,2026-04-11,South,Hyderabad
570,570,2,4,240000.0,960000.0,440000.0,520000.0,2026-04-11,West,Pune
571,571,5,3,95000.0,285000.0,150000.0,135000.0,2026-04-12,North,Delhi
572,572,5,2,95000.0,190000.0,100000.0,90000.0,2026-04-13,South,Hyderabad
573,573,4,1,85000.0,85000.0,42000.0,43000.0,2026-04-13,South,Chennai
574,574,7,3,110000.0,330000.0,165000.0,165000.0,2026-04-13,South,Chennai
575,575,1,4,125000.0,500000.0,300000.0,200000.0,2026-04-14,South,Bengaluru
576,576,5,4,95000.0,380000.0,200000.0,180000.0,2026-04-14,South,Hyderabad
577,577,1,2,125000.0,250000.0,150000.0,100000.0,2026-04-15,South,Bengaluru
578,578,4,4,85000.0,340000.0,168000.0,172000.0,2026-04-15,West,Mumbai
579,579,6,3,180000.0,540000.0,360000.0,180000.0,2026-04-15,South,Chennai
580,580,3,3,45000.0,135000.0,84000.0,51000.0,2026-04-15,North,Delhi
581,581,3,3,45000.0,135000.0,84000.0,51000.0,2026-04-16,North,Delhi
582,582,3,3,45000.0,135000.0,84000.0,51000.0,2026-04-17,West,Mumbai
583,583,2,2,240000.0,480000.0,220000.0,260000.0,2026-04-17,West,Mumbai
584,584,4,3,85000.0,255000.0,126000.0,129000.0,2026-04-17,South,Bengaluru
585,585,6,3,180000.0,540000.0,360000.0,180000.0,2026-04-17,North,Delhi
586,586,5,4,95000.0,380000.0,200000.0,180000.0,2026-04-17,South,Hyderabad
587,587,1,1,125000.0,125000.0,75000.0,50000.0,2026-04-18,North,Delhi
588,588,2,4,240000.0,960000.0,440000.0,520000.0,2026-04-19,West,Pune
589,589,5,4,95000.0,380000.0,200000.0,180000.0,2026-04-19,West,Pune
590,590,3,2,45000.0,90000.0,56000.0,34000.0,2026-04-19,West,Mumbai
591,591,6,4,180000.0,720000.0,480000.0,240000.0,2026-04-19,North,Delhi
592,592,3,3,45000.0,135000.0,84000.0,51000.0,2026-04-20,West,Mumbai
593,593,3,1,45000.0,45000.0,28000.0,17000.0,2026-04-20,West,Mumbai
594,594,6,2,180000.0,360000.0,240000.0,120000.0,2026-04-20,North,Delhi
595,595,1,1,125000.0,125000.0,75000.0,50000.0,2026-04-20,West,Pune
596,596,5,2,95000.0,190000.0,100000.0,90000.0,2026-04-20,North,Delhi
597,597,3,4,45000.0,180000.0,112000.0,68000.0,2026-04-21,West,Mumbai
598,598,2,2,240000.0,480000.0,220000.0,260000.0,2026-04-21,West,Mumbai
599,599,7,4,110000.0,440000.0,220000.0,220000.0,2026-04-22,South,Hyderabad
600,600,8,4,65000.0,260000.0,120000.0,140000.0,2026-04-22,South,Chennai
601,601,1,2,125000.0,250000.0,150000.0,100000.0,2026-04-22,South,Hyderabad
602,602,6,1,180000.0,180000.0,120000.0,60000.0,2026-04-22,South,Bengaluru
603,603,4,1,85000.0,85000.0,42000.0,43000.0,2026-04-22,South,Bengaluru
604,604,4,2,85000.0,170000.0,84000.0,86000.0,2026-04-23,North,Delhi
605,605,3,1,45000.0,45000.0,28000.0,17000.0,2026-04-24,South,Chennai
606,606,5,2,95000.0,190000.0,100000.0,90000.0,2026-04-24,South,Hyderabad
607,607,1,3,125000.0,375000.0,225000.0,150000.0,2026-04-24,West,Pune
608,608,6,4,180000.0,720000.0,480000.0,240000.0,2026-04-25,South,Chennai
609,609,3,3,45000.0,135000.0,84000.0,51000.0,2026-04-25,South,Hyderabad
610,610,6,2,180000.0,360000.0,240000.0,120000.0,2026-04-25,South,Bengaluru
611,611,1,2,125000.0,250000.0,150000.0,100000.0,2026-04-26,South,Chennai
612,612,3,2,45000.0,90000.0,56000.0,34000.0,2026-04-26,North,Delhi
613,613,3,1,45000.0,45000.0,28000.0,17000.0,2026-04-27,South,Hyderabad
614,614,1,4,125000.0,500000.0,300000.0,200000.0,2026-04-28,South,Hyderabad
615,615,5,1,95000.0,95000.0,50000.0,45000.0,2026-04-28,West,Mumbai
616,616,1,1,125000.0,125000.0,75000.0,50000.0,2026-04-28,West,Pune
617,617,2,4,240000.0,960000.0,440000.0,520000.0,2026-04-29,South,Hyderabad
618,618,2,3,240000.0,720000.0,330000.0,390000.0,2026-04-30,West,Pune
619,619,3,2,45000.0,90000.0,56000.0,34000.0,2026-04-30,South,Chennai
620,620,1,3,125000.0,375000.0,225000.0,150000.0,2026-04-30,South,Bengaluru
621,621,2,3,240000.0,720000.0,330000.0,390000.0,2026-04-30,North,Delhi
622,622,3,4,45000.0,180000.0,112000.0,68000.0,2026-05-01,West,Pune
623,623,2,3,240000.0,720000.0,330000.0,390000.0,2026-05-01,South,Bengaluru
624,624,2,4,240000.0,960000.0,440000.0,520000.0,2026-05-01,West,Pune
625,625,4,3,85000.0,255000.0,126000.0,129000.0,2026-05-01,North,Delhi
626,626,4,3,85000.0,255000.0,126000.0,129000.0,2026-05-01,South,Hyderabad
627,627,3,1,45000.0,45000.0,28000.0,17000.0,2026-05-02,South,Hyderabad
628,628,8,2,65000.0,130000.0,60000.0,70000.0,2026-05-02,South,Hyderabad
629,629,8,3,65000.0,195000.0,90000.0,105000.0,2026-05-02,West,Mumbai
630,630,1,1,125000.0,125000.0,75000.0,50000.0,2026-05-02,South,Bengaluru
631,631,8,2,65000.0,130000.0,60000.0,70000.0,2026-05-03,South,Bengaluru
632,632,2,1,240000.0,240000.0,110000.0,130000.0,2026-05-04,South,Hyderabad
633,633,4,4,85000.0,340000.0,168000.0,172000.0,2026-05-05,South,Chennai
634,634,5,4,95000.0,380000.0,200000.0,180000.0,2026-05-05,South,Hyderabad
635,635,2,2,240000.0,480000.0,220000.0,260000.0,2026-05-05,South,Hyderabad
636,636,6,3,180000.0,540000.0,360000.0,180000.0,2026-05-06,South,Bengaluru
637,637,2,1,240000.0,240000.0,110000.0,130000.0,2026-05-07,West,Pune
638,638,1,1,125000.0,125000.0,75000.0,50000.0,2026-05-07,South,Chennai
639,639,3,3,45000.0,135000.0,84000.0,51000.0,2026-05-07,South,Bengaluru
640,640,8,3,65000.0,195000.0,90000.0,105000.0,2026-05-07,South,Hyderabad
641,641,6,2,180000.0,360000.0,240000.0,120000.0,2026-05-08,South,Chennai
642,642,7,4,110000.0,440000.0,220000.0,220000.0,2026-05-09,South,Chennai
643,643,8,4,65000.0,260000.0,120000.0,140000.0,2026-05-10,South,Hyderabad
644,644,3,1,45000.0,45000.0,28000.0,17000.0,2026-05-10,South,Chennai
645,645,1,2,125000.0,250000.0,150000.0,100000.0,2026-05-10,West,Pune
646,646,8,4,65000.0,260000.0,120000.0,140000.0,2026-05-11,South,Chennai
647,647,7,3,110000.0,330000.0,165000.0,165000.0,2026-05-12,West,Mumbai
648,648,1,2,125000.0,250000.0,150000.0,100000.0,2026-05-12,West,Mumbai
649,649,2,4,240000.0,960000.0,440000.0,520000.0,2026-05-13,North,Delhi
650,650,1,1,125000.0,125000.0,75000.0,50000.0,2026-05-13,South,Bengaluru
651,651,6,1,180000.0,180000.0,120000.0,60000.0,2026-05-13,South,Hyderabad
652,652,4,3,85000.0,255000.0,126000.0,129000.0,2026-05-13,West,Mumbai
653,653,2,4,240000.0,960000.0,440000.0,520000.0,2026-05-14,South,Hyderabad
654,654,4,4,85000.0,340000.0,168000.0,172000.0,2026-05-14,North,Delhi
655,655,7,2,110000.0,220000.0,110000.0,110000.0,2026-05-14,North,Delhi
656,656,1,1,125000.0,125000.0,75000.0,50000.0,2026-05-14,South,Hyderabad
657,657,3,4,45000.0,180000.0,112000.0,68000.0,2026-05-14,South,Chennai
658,658,2,4,240000.0,960000.0,440000.0,520000.0,2026-05-15,South,Chennai
659,659,4,3,85000.0,255000.0,126000.0,129000.0,2026-05-15,South,Bengaluru
660,660,1,2,125000.0,250000.0,150000.0,100000.0,2026-05-15,South,Hyderabad
661,661,7,4,110000.0,440000.0,220000.0,220000.0,2026-05-15,South,Hyderabad
662,662,8,4,65000.0,260000.0,120000.0,140000.0,2026-05-16,South,Bengaluru
663,663,8,1,65000.0,65000.0,30000.0,35000.0,2026-05-16,West,Mumbai
664,664,6,1,180000.0,180000.0,120000.0,60000.0,2026-05-17,South,Bengaluru
665,665,1,1,125000.0,125000.0,75000.0,50000.0,2026-05-17,West,Mumbai
666,666,7,1,110000.0,110000.0,55000.0,55000.0,2026-05-17,South,Chennai
667,667,1,1,125000.0,125000.0,75000.0,50000.0,2026-05-17,South,Hyderabad
668,668,5,2,95000.0,190000.0,100000.0,90000.0,2026-05-18,North,Delhi
669,669,8,3,65000.0,195000.0,90000.0,105000.0,2026-05-18,West,Mumbai
670,670,1,2,125000.0,250000.0,150000.0,100000.0,2026-05-18,South,Chennai
671,671,6,4,180000.0,720000.0,480000.0,240000.0,2026-05-18,South,Chennai
672,672,6,4,180000.0,720000.0,480000.0,240000.0,2026-05-18,West,Mumbai
673,673,4,1,85000.0,85000.0,42000.0,43000.0,2026-05-19,West,Mumbai
674,674,5,3,95000.0,285000.0,150000.0,135000.0,2026-05-20,South,Bengaluru
675,675,2,1,240000.0,240000.0,110000.0,130000.0,2026-05-20,South,Hyderabad
676,676,8,2,65000.0,130000.0,60000.0,70000.0,2026-05-20,South,Chennai
677,677,5,2,95000.0,190000.0,100000.0,90000.0,2026-05-21,North,Delhi
678,678,2,4,240000.0,960000.0,440000.0,520000.0,2026-05-21,West,Mumbai
679,679,8,2,65000.0,130000.0,60000.0,70000.0,2026-05-21,South,Bengaluru
680,680,6,1,180000.0,180000.0,120000.0,60000.0,2026-05-21,West,Mumbai
681,681,2,4,240000.0,960000.0,440000.0,520000.0,2026-05-22,North,Delhi
682,682,3,4,45000.0,180000.0,112000.0,68000.0,2026-05-22,West,Mumbai
683,683,1,4,125000.0,500000.0,300000.0,200000.0,2026-05-22,South,Hyderabad
684,684,8,2,65000.0,130000.0,60000.0,70000.0,2026-05-22,South,Hyderabad
685,685,3,1,45000.0,45000.0,28000.0,17000.0,2026-05-23,South,Hyderabad
686,686,6,4,180000.0,720000.0,480000.0,240000.0,2026-05-23,South,Bengaluru
687,687,4,3,85000.0,255000.0,126000.0,129000.0,2026-05-23,North,Delhi
688,688,6,3,180000.0,540000.0,360000.0,180000.0,2026-05-23,North,Delhi
689,689,3,2,45000.0,90000.0,56000.0,34000.0,2026-05-23,North,Delhi
690,690,5,3,95000.0,285000.0,150000.0,135000.0,2026-05-24,West,Pune
691,691,4,2,85000.0,170000.0,84000.0,86000.0,2026-05-24,South,Hyderabad
692,692,5,3,95000.0,285000.0,150000.0,135000.0,2026-05-24,South,Hyderabad
693,693,3,2,45000.0,90000.0,56000.0,34000.0,2026-05-24,South,Bengaluru
694,694,6,1,180000.0,180000.0,120000.0,60000.0,2026-05-25,South,Hyderabad
695,695,6,4,180000.0,720000.0,480000.0,240000.0,2026-05-25,South,Chennai
696,696,7,3,110000.0,330000.0,165000.0,165000.0,2026-05-25,South,Hyderabad
697,697,1,1,125000.0,125000.0,75000.0,50000.0,2026-05-25,West,Mumbai
698,698,7,2,110000.0,220000.0,110000.0,110000.0,2026-05-25,West,Mumbai
699,699,1,2,125000.0,250000.0,150000.0,100000.0,2026-05-26,South,Chennai
700,700,3,3,45000.0,135000.0,84000.0,51000.0,2026-05-27,South,Bengaluru
701,701,5,2,95000.0,190000.0,100000.0,90000.0,2026-05-27,North,Delhi
702,702,5,2,95000.0,190000.0,100000.0,90000.0,2026-05-27,South,Chennai
703,703,6,4,180000.0,720000.0,480000.0,240000.0,2026-05-28,South,Bengaluru
704,704,4,4,85000.0,340000.0,168000.0,172000.0,2026-05-28,South,Bengaluru
705,705,5,1,95000.0,95000.0,50000.0,45000.0,2026-05-28,South,Bengaluru
706,706,7,4,110000.0,440000.0,220000.0,220000.0,2026-05-28,West,Pune
707,707,6,1,180000.0,180000.0,120000.0,60000.0,2026-05-28,South,Hyderabad
708,708,5,2,95000.0,190000.0,100000.0,90000.0,2026-05-29,West,Mumbai
709,709,8,2,65000.0,130000.0,60000.0,70000.0,2026-05-30,South,Hyderabad
710,710,6,2,180000.0,360000.0,240000.0,120000.0,2026-05-30,South,Bengaluru
711,711,4,3,85000.0,255000.0,126000.0,129000.0,2026-05-30,South,Bengaluru
712,712,3,1,45000.0,45000.0,28000.0,17000.0,2026-05-30,South,Bengaluru
713,713,3,1,45000.0,45000.0,28000.0,17000.0,2026-05-30,West,Pune
714,714,7,3,110000.0,330000.0,165000.0,165000.0,2026-05-31,North,Delhi
715,715,5,2,95000.0,190000.0,100000.0,90000.0,2026-05-31,South,Hyderabad
716,716,5,1,95000.0,95000.0,50000.0,45000.0,2026-05-31,South,Bengaluru
717,717,8,2,65000.0,130000.0,60000.0,70000.0,2026-05-31,South,Hyderabad
718,718,6,1,180000.0,180000.0,120000.0,60000.0,2026-06-01,West,Mumbai
719,719,5,4,95000.0,380000.0,200000.0,180000.0,2026-06-02,North,Delhi
720,720,6,1,180000.0,180000.0,120000.0,60000.0,2026-06-02,West,Mumbai
721,721,6,2,180000.0,360000.0,240000.0,120000.0,2026-06-02,West,Pune
722,722,2,2,240000.0,480000.0,220000.0,260000.0,2026-06-02,West,Pune
723,723,7,1,110000.0,110000.0,55000.0,55000.0,2026-06-02,South,Chennai
724,724,4,3,85000.0,255000.0,126000.0,129000.0,2026-06-03,South,Bengaluru
725,725,6,3,180000.0,540000.0,360000.0,180000.0,2026-06-03,South,Hyderabad
726,726,8,1,65000.0,65000.0,30000.0,35000.0,2026-06-03,South,Bengaluru
727,727,6,4,180000.0,720000.0,480000.0,240000.0,2026-06-04,South,Chennai
728,728,4,1,85000.0,85000.0,42000.0,43000.0,2026-06-05,South,Chennai
729,729,6,4,180000.0,720000.0,480000.0,240000.0,2026-06-05,North,Delhi
730,730,5,3,95000.0,285000.0,150000.0,135000.0,2026-06-06,South,Hyderabad
731,731,6,4,180000.0,720000.0,480000.0,240000.0,2026-06-07,South,Bengaluru
732,732,5,2,95000.0,190000.0,100000.0,90000.0,2026-06-08,North,Delhi
733,733,2,1,240000.0,240000.0,110000.0,130000.0,2026-06-08,South,Bengaluru
734,734,1,1,125000.0,125000.0,75000.0,50000.0,2026-06-08,South,Chennai
735,735,4,4,85000.0,340000.0,168000.0,172000.0,2026-06-08,South,Hyderabad
736,736,7,1,110000.0,110000.0,55000.0,55000.0,2026-06-09,West,Pune
737,737,8,3,65000.0,195000.0,90000.0,105000.0,2026-06-10,West,Mumbai
738,738,2,1,240000.0,240000.0,110000.0,130000.0,2026-06-10,South,Hyderabad
739,739,5,1,95000.0,95000.0,50000.0,45000.0,2026-06-11,West,Mumbai
740,740,5,4,95000.0,380000.0,200000.0,180000.0,2026-06-12,South,Bengaluru
741,741,8,4,65000.0,260000.0,120000.0,140000.0,2026-06-12,South,Bengaluru
742,742,6,1,180000.0,180000.0,120000.0,60000.0,2026-06-12,West,Mumbai
743,743,2,1,240000.0,240000.0,110000.0,130000.0,2026-06-12,South,Bengaluru
744,744,2,1,240000.0,240000.0,110000.0,130000.0,2026-06-12,South,Chennai
745,745,2,3,240000.0,720000.0,330000.0,390000.0,2026-06-13,South,Hyderabad
746,746,2,3,240000.0,720000.0,330000.0,390000.0,2026-06-14,West,Pune
747,747,8,4,65000.0,260000.0,120000.0,140000.0,2026-06-14,West,Mumbai
748,748,1,4,125000.0,500000.0,300000.0,200000.0,2026-06-14,North,Delhi
749,749,4,2,85000.0,170000.0,84000.0,86000.0,2026-06-15,West,Pune
750,750,7,3,110000.0,330000.0,165000.0,165000.0,2026-06-15,South,Chennai
751,751,6,1,180000.0,180000.0,120000.0,60000.0,2026-06-16,West,Pune
752,752,3,1,45000.0,45000.0,28000.0,17000.0,2026-06-16,West,Pune
753,753,7,1,110000.0,110000.0,55000.0,55000.0,2026-06-17,South,Hyderabad
754,754,6,2,180000.0,360000.0,240000.0,120000.0,2026-06-18,South,Hyderabad
755,755,3,2,45000.0,90000.0,56000.0,34000.0,2026-06-18,South,Bengaluru
756,756,4,3,85000.0,255000.0,126000.0,129000.0,2026-06-18,West,Pune
757,757,3,1,45000.0,45000.0,28000.0,17000.0,2026-06-19,West,Pune
758,758,8,1,65000.0,65000.0,30000.0,35000.0,2026-06-19,South,Bengaluru
759,759,2,3,240000.0,720000.0,330000.0,390000.0,2026-06-20,South,Chennai
760,760,4,4,85000.0,340000.0,168000.0,172000.0,2026-06-20,South,Hyderabad
761,761,6,2,180000.0,360000.0,240000.0,120000.0,2026-06-20,South,Hyderabad
762,762,5,1,95000.0,95000.0,50000.0,45000.0,2026-06-21,South,Hyderabad
763,763,6,4,180000.0,720000.0,480000.0,240000.0,2026-06-21,West,Pune
764,764,5,2,95000.0,190000.0,100000.0,90000.0,2026-06-22,South,Hyderabad
765,765,6,3,180000.0,540000.0,360000.0,180000.0,2026-06-22,West,Mumbai
766,766,3,1,45000.0,45000.0,28000.0,17000.0,2026-06-22,South,Chennai
767,767,4,2,85000.0,170000.0,84000.0,86000.0,2026-06-22,West,Pune
768,768,6,2,180000.0,360000.0,240000.0,120000.0,2026-06-23,South,Hyderabad
769,769,6,4,180000.0,720000.0,480000.0,240000.0,2026-06-23,West,Pune
770,770,8,3,65000.0,195000.0,90000.0,105000.0,2026-06-23,South,Chennai
771,771,5,4,95000.0,380000.0,200000.0,180000.0,2026-06-23,South,Bengaluru
772,772,3,1,45000.0,45000.0,28000.0,17000.0,2026-06-24,North,Delhi
773,773,3,2,45000.0,90000.0,56000.0,34000.0,2026-06-24,South,Hyderabad
774,774,2,1,240000.0,240000.0,110000.0,130000.0,2026-06-24,South,Hyderabad
775,775,1,4,125000.0,500000.0,300000.0,200000.0,2026-06-24,West,Mumbai
776,776,4,1,85000.0,85000.0,42000.0,43000.0,2026-06-24,North,Delhi
777,777,8,2,65000.0,130000.0,60000.0,70000.0,2026-06-25,South,Hyderabad
778,778,7,2,110000.0,220000.0,110000.0,110000.0,2026-06-25,South,Chennai
779,779,5,2,95000.0,190000.0,100000.0,90000.0,2026-06-25,South,Chennai
780,780,2,4,240000.0,960000.0,440000.0,520000.0,2026-06-25,South,Chennai
781,781,1,2,125000.0,250000.0,150000.0,100000.0,2026-06-25,South,Chennai
782,782,3,2,45000.0,90000.0,56000.0,34000.0,2026-06-26,South,Hyderabad
783,783,3,2,45000.0,90000.0,56000.0,34000.0,2026-06-26,South,Bengaluru
784,784,3,4,45000.0,180000.0,112000.0,68000.0,2026-06-26,West,Mumbai
785,785,1,2,125000.0,250000.0,150000.0,100000.0,2026-06-26,South,Hyderabad
786,786,8,2,65000.0,130000.0,60000.0,70000.0,2026-06-26,South,Chennai
787,787,6,2,180000.0,360000.0,240000.0,120000.0,2026-06-27,South,Hyderabad
788,788,4,3,85000.0,255000.0,126000.0,129000.0,2026-06-28,South,Chennai
789,789,8,1,65000.0,65000.0,30000.0,35000.0,2026-06-29,North,Delhi
790,790,6,1,180000.0,180000.0,120000.0,60000.0,2026-06-29,North,Delhi
791,791,5,3,95000.0,285000.0,150000.0,135000.0,2026-06-29,West,Mumbai
792,792,3,4,45000.0,180000.0,112000.0,68000.0,2026-06-29,West,Pune
793,793,2,3,240000.0,720000.0,330000.0,390000.0,2026-06-30,South,Chennai
794,794,4,4,85000.0,340000.0,168000.0,172000.0,2026-06-30,West,Pune
795,795,6,4,180000.0,720000.0,480000.0,240000.0,2026-06-30,South,Bengaluru
796,796,1,2,125000.0,250000.0,150000.0,100000.0,2026-06-30,North,Delhi
797,797,4,1,85000.0,85000.0,42000.0,43000.0,2026-07-01,South,Chennai
798,798,5,2,95000.0,190000.0,100000.0,90000.0,2026-07-01,South,Bengaluru
799,799,3,2,45000.0,90000.0,56000.0,34000.0,2026-07-01,South,Chennai
800,800,2,2,240000.0,480000.0,220000.0,260000.0,2026-07-01,North,Delhi
801,801,2,4,240000.0,960000.0,440000.0,520000.0,2026-07-02,South,Hyderabad
802,802,8,4,65000.0,260000.0,120000.0,140000.0,2026-07-02,South,Bengaluru
803,803,3,4,45000.0,180000.0,112000.0,68000.0,2026-07-02,South,Hyderabad
804,804,4,1,85000.0,85000.0,42000.0,43000.0,2026-07-02,South,Chennai
805,805,3,2,45000.0,90000.0,56000.0,34000.0,2026-07-03,West,Mumbai
806,806,1,2,125000.0,250000.0,150000.0,100000.0,2026-07-03,North,Delhi
807,807,5,2,95000.0,190000.0,100000.0,90000.0,2026-07-04,South,Chennai
808,808,1,3,125000.0,375000.0,225000.0,150000.0,2026-07-05,South,Chennai
809,809,4,4,85000.0,340000.0,168000.0,172000.0,2026-07-05,South,Hyderabad
810,810,8,4,65000.0,260000.0,120000.0,140000.0,2026-07-05,West,Pune
811,811,4,4,85000.0,340000.0,168000.0,172000.0,2026-07-05,North,Delhi
812,812,3,2,45000.0,90000.0,56000.0,34000.0,2026-07-05,South,Chennai
813,813,5,2,95000.0,190000.0,100000.0,90000.0,2026-07-06,South,Bengaluru
814,814,6,4,180000.0,720000.0,480000.0,240000.0,2026-07-06,North,Delhi
815,815,2,2,240000.0,480000.0,220000.0,260000.0,2026-07-06,West,Pune
816,816,7,2,110000.0,220000.0,110000.0,110000.0,2026-07-06,West,Pune
817,817,1,2,125000.0,250000.0,150000.0,100000.0,2026-07-06,North,Delhi
818,818,7,2,110000.0,220000.0,110000.0,110000.0,2026-07-07,South,Hyderabad
819,819,2,2,240000.0,480000.0,220000.0,260000.0,2026-07-07,West,Pune
820,820,1,1,125000.0,125000.0,75000.0,50000.0,2026-07-07,South,Chennai
821,821,8,2,65000.0,130000.0,60000.0,70000.0,2026-07-07,West,Mumbai
822,822,1,4,125000.0,500000.0,300000.0,200000.0,2026-07-07,West,Pune
823,823,6,1,180000.0,180000.0,120000.0,60000.0,2026-07-08,North,Delhi
824,824,7,2,110000.0,220000.0,110000.0,110000.0,2026-07-08,West,Mumbai
825,825,7,3,110000.0,330000.0,165000.0,165000.0,2026-07-08,North,Delhi
826,826,2,4,240000.0,960000.0,440000.0,520000.0,2026-07-08,South,Hyderabad
827,827,5,4,95000.0,380000.0,200000.0,180000.0,2026-07-08,South,Bengaluru
828,828,5,4,95000.0,380000.0,200000.0,180000.0,2026-07-09,South,Hyderabad
829,829,4,1,85000.0,85000.0,42000.0,43000.0,2026-07-09,West,Mumbai
830,830,2,1,240000.0,240000.0,110000.0,130000.0,2026-07-10,West,Mumbai
831,831,4,3,85000.0,255000.0,126000.0,129000.0,2026-07-11,West,Mumbai
832,832,6,1,180000.0,180000.0,120000.0,60000.0,2026-07-11,North,Delhi
833,833,7,3,110000.0,330000.0,165000.0,165000.0,2026-07-11,West,Mumbai
834,834,7,3,110000.0,330000.0,165000.0,165000.0,2026-07-11,South,Hyderabad
835,835,7,2,110000.0,220000.0,110000.0,110000.0,2026-07-12,South,Hyderabad
836,836,8,2,65000.0,130000.0,60000.0,70000.0,2026-07-12,South,Bengaluru
837,837,8,3,65000.0,195000.0,90000.0,105000.0,2026-07-12,North,Delhi
838,838,6,4,180000.0,720000.0,480000.0,240000.0,2026-07-12,North,Delhi
839,839,3,1,45000.0,45000.0,28000.0,17000.0,2026-07-12,North,Delhi
840,840,3,1,45000.0,45000.0,28000.0,17000.0,2026-07-13,South,Bengaluru
841,841,7,3,110000.0,330000.0,165000.0,165000.0,2026-07-13,West,Pune
842,842,1,2,125000.0,250000.0,150000.0,100000.0,2026-07-14,West,Pune
843,843,1,1,125000.0,125000.0,75000.0,50000.0,2026-07-14,South,Bengaluru
844,844,8,4,65000.0,260000.0,120000.0,140000.0,2026-07-14,North,Delhi
845,845,2,3,240000.0,720000.0,330000.0,390000.0,2026-07-14,South,Chennai
846,846,6,1,180000.0,180000.0,120000.0,60000.0,2026-07-14,South,Bengaluru
847,847,7,4,110000.0,440000.0,220000.0,220000.0,2026-07-15,South,Hyderabad
848,848,5,1,95000.0,95000.0,50000.0,45000.0,2026-07-15,West,Pune
849,849,3,4,45000.0,180000.0,112000.0,68000.0,2026-07-15,South,Bengaluru
850,850,1,2,125000.0,250000.0,150000.0,100000.0,2026-07-15,South,Bengaluru
851,851,5,2,95000.0,190000.0,100000.0,90000.0,2026-07-15,South,Bengaluru
852,852,4,2,85000.0,170000.0,84000.0,86000.0,2026-07-16,South,Chennai
853,853,4,1,85000.0,85000.0,42000.0,43000.0,2026-07-17,North,Delhi
854,854,5,4,95000.0,380000.0,200000.0,180000.0,2026-07-18,South,Chennai
855,855,7,4,110000.0,440000.0,220000.0,220000.0,2026-07-18,South,Bengaluru
856,856,1,1,125000.0,125000.0,75000.0,50000.0,2026-07-19,North,Delhi
857,857,5,3,95000.0,285000.0,150000.0,135000.0,2026-07-19,West,Mumbai
858,858,5,2,95000.0,190000.0,100000.0,90000.0,2026-07-19,North,Delhi
859,859,4,4,85000.0,340000.0,168000.0,172000.0,2026-07-19,West,Pune
860,860,1,3,125000.0,375000.0,225000.0,150000.0,2026-07-19,South,Chennai
861,861,2,1,240000.0,240000.0,110000.0,130000.0,2026-07-20,North,Delhi
862,862,5,3,95000.0,285000.0,150000.0,135000.0,2026-07-20,West,Mumbai
863,863,5,3,95000.0,285000.0,150000.0,135000.0,2026-07-21,South,Bengaluru
864,864,8,2,65000.0,130000.0,60000.0,70000.0,2026-07-22,West,Pune
865,865,6,4,180000.0,720000.0,480000.0,240000.0,2026-07-22,South,Hyderabad
866,866,8,1,65000.0,65000.0,30000.0,35000.0,2026-07-22,North,Delhi
867,867,2,3,240000.0,720000.0,330000.0,390000.0,2026-07-22,North,Delhi
868,868,4,2,85000.0,170000.0,84000.0,86000.0,2026-07-23,West,Pune
869,869,6,1,180000.0,180000.0,120000.0,60000.0,2026-07-24,South,Bengaluru
870,870,5,2,95000.0,190000.0,100000.0,90000.0,2026-07-24,South,Hyderabad
871,871,2,4,240000.0,960000.0,440000.0,520000.0,2026-07-24,West,Pune
872,872,3,4,45000.0,180000.0,112000.0,68000.0,2026-07-25,North,Delhi
873,873,6,2,180000.0,360000.0,240000.0,120000.0,2026-07-25,West,Pune
874,874,5,2,95000.0,190000.0,100000.0,90000.0,2026-07-25,West,Mumbai
875,875,4,2,85000.0,170000.0,84000.0,86000.0,2026-07-26,West,Mumbai
876,876,4,3,85000.0,255000.0,126000.0,129000.0,2026-07-26,North,Delhi
877,877,4,2,85000.0,170000.0,84000.0,86000.0,2026-07-27,South,Bengaluru
878,878,6,2,180000.0,360000.0,240000.0,120000.0,2026-07-27,North,Delhi
879,879,2,4,240000.0,960000.0,440000.0,520000.0,2026-07-28,West,Pune
880,880,1,4,125000.0,500000.0,300000.0,200000.0,2026-07-29,South,Hyderabad
881,881,6,4,180000.0,720000.0,480000.0,240000.0,2026-07-29,South,Chennai
882,882,5,4,95000.0,380000.0,200000.0,180000.0,2026-07-29,West,Mumbai
883,883,5,4,95000.0,380000.0,200000.0,180000.0,2026-07-29,West,Mumbai
884,884,3,1,45000.0,45000.0,28000.0,17000.0,2026-07-29,South,Bengaluru
885,885,8,1,65000.0,65000.0,30000.0,35000.0,2026-07-30,West,Mumbai
886,886,6,4,180000.0,720000.0,480000.0,240000.0,2026-07-30,West,Mumbai
887,887,3,4,45000.0,180000.0,112000.0,68000.0,2026-07-30,South,Hyderabad
888,888,8,3,65000.0,195000.0,90000.0,105000.0,2026-07-30,West,Pune
889,889,1,1,125000.0,125000.0,75000.0,50000.0,2026-07-30,West,Mumbai
890,890,2,3,240000.0,720000.0,330000.0,390000.0,2026-07-31,West,Pune
891,891,5,2,95000.0,190000.0,100000.0,90000.0,2026-07-31,North,Delhi
892,892,6,3,180000.0,540000.0,360000.0,180000.0,2026-08-01,North,Delhi
893,893,8,4,65000.0,260000.0,120000.0,140000.0,2026-08-01,West,Pune
894,894,6,3,180000.0,540000.0,360000.0,180000.0,2026-08-01,South,Bengaluru
895,895,3,1,45000.0,45000.0,28000.0,17000.0,2026-08-02,South,Hyderabad
896,896,4,1,85000.0,85000.0,42000.0,43000.0,2026-08-02,West,Mumbai
897,897,5,2,95000.0,190000.0,100000.0,90000.0,2026-08-02,South,Bengaluru
898,898,3,2,45000.0,90000.0,56000.0,34000.0,2026-08-03,North,Delhi
899,899,1,2,125000.0,250000.0,150000.0,100000.0,2026-08-03,South,Chennai
900,900,8,2,65000.0,130000.0,60000.0,70000.0,2026-08-03,North,Delhi
901,901,6,4,180000.0,720000.0,480000.0,240000.0,2026-08-03,North,Delhi
902,902,1,4,125000.0,500000.0,300000.0,200000.0,2026-08-04,West,Pune
903,903,1,2,125000.0,250000.0,150000.0,100000.0,2026-08-04,South,Hyderabad
904,904,8,1,65000.0,65000.0,30000.0,35000.0,2026-08-04,West,Mumbai
905,905,6,3,180000.0,540000.0,360000.0,180000.0,2026-08-05,West,Mumbai
906,906,6,3,180000.0,540000.0,360000.0,180000.0,2026-08-05,North,Delhi
907,907,1,4,125000.0,500000.0,300000.0,200000.0,2026-08-05,North,Delhi
908,908,6,2,180000.0,360000.0,240000.0,120000.0,2026-08-05,West,Pune
909,909,3,3,45000.0,135000.0,84000.0,51000.0,2026-08-06,West,Mumbai
910,910,6,4,180000.0,720000.0,480000.0,240000.0,2026-08-06,South,Bengaluru
911,911,8,1,65000.0,65000.0,30000.0,35000.0,2026-08-06,South,Bengaluru
912,912,5,4,95000.0,380000.0,200000.0,180000.0,2026-08-06,West,Pune
913,913,3,2,45000.0,90000.0,56000.0,34000.0,2026-08-06,North,Delhi
914,914,7,1,110000.0,110000.0,55000.0,55000.0,2026-08-07,North,Delhi
915,915,3,3,45000.0,135000.0,84000.0,51000.0,2026-08-07,South,Bengaluru
916,916,6,3,180000.0,540000.0,360000.0,180000.0,2026-08-07,South,Bengaluru
917,917,5,4,95000.0,380000.0,200000.0,180000.0,2026-08-08,West,Pune
918,918,6,4,180000.0,720000.0,480000.0,240000.0,2026-08-08,South,Hyderabad
919,919,3,2,45000.0,90000.0,56000.0,34000.0,2026-08-08,South,Bengaluru
920,920,4,3,85000.0,255000.0,126000.0,129000.0,2026-08-09,South,Bengaluru
921,921,2,4,240000.0,960000.0,440000.0,520000.0,2026-08-11,West,Mumbai
922,922,1,4,125000.0,500000.0,300000.0,200000.0,2026-08-12,West,Mumbai
923,923,2,1,240000.0,240000.0,110000.0,130000.0,2026-08-12,South,Hyderabad
924,924,2,4,240000.0,960000.0,440000.0,520000.0,2026-08-12,South,Hyderabad
925,925,4,2,85000.0,170000.0,84000.0,86000.0,2026-08-12,South,Chennai
926,926,5,4,95000.0,380000.0,200000.0,180000.0,2026-08-12,North,Delhi
927,927,3,1,45000.0,45000.0,28000.0,17000.0,2026-08-13,West,Pune
928,928,6,3,180000.0,540000.0,360000.0,180000.0,2026-08-13,South,Bengaluru
929,929,5,4,95000.0,380000.0,200000.0,180000.0,2026-08-14,South,Bengaluru
930,930,3,4,45000.0,180000.0,112000.0,68000.0,2026-08-14,South,Bengaluru
931,931,7,3,110000.0,330000.0,165000.0,165000.0,2026-08-14,North,Delhi
932,932,8,2,65000.0,130000.0,60000.0,70000.0,2026-08-14,North,Delhi
933,933,5,3,95000.0,285000.0,150000.0,135000.0,2026-08-15,West,Mumbai
934,934,1,2,125000.0,250000.0,150000.0,100000.0,2026-08-16,South,Chennai
935,935,5,4,95000.0,380000.0,200000.0,180000.0,2026-08-16,North,Delhi
936,936,1,4,125000.0,500000.0,300000.0,200000.0,2026-08-16,West,Pune
937,937,1,4,125000.0,500000.0,300000.0,200000.0,2026-08-17,West,Pune
938,938,4,1,85000.0,85000.0,42000.0,43000.0,2026-08-17,South,Bengaluru
939,939,7,4,110000.0,440000.0,220000.0,220000.0,2026-08-17,South,Bengaluru
940,940,7,4,110000.0,440000.0,220000.0,220000.0,2026-08-18,South,Bengaluru
941,941,5,1,95000.0,95000.0,50000.0,45000.0,2026-08-18,South,Bengaluru
942,942,4,3,85000.0,255000.0,126000.0,129000.0,2026-08-19,North,Delhi
943,943,5,4,95000.0,380000.0,200000.0,180000.0,2026-08-19,North,Delhi
944,944,2,2,240000.0,480000.0,220000.0,260000.0,2026-08-19,West,Mumbai
945,945,5,1,95000.0,95000.0,50000.0,45000.0,2026-08-19,South,Bengaluru
946,946,8,3,65000.0,195000.0,90000.0,105000.0,2026-08-20,North,Delhi
947,947,4,3,85000.0,255000.0,126000.0,129000.0,2026-08-20,South,Hyderabad
948,948,3,1,45000.0,45000.0,28000.0,17000.0,2026-08-20,West,Mumbai
949,949,1,2,125000.0,250000.0,150000.0,100000.0,2026-08-20,West,Pune
950,950,5,2,95000.0,190000.0,100000.0,90000.0,2026-08-21,North,Delhi
951,951,3,1,45000.0,45000.0,28000.0,17000.0,2026-08-22,West,Mumbai
952,952,4,3,85000.0,255000.0,126000.0,129000.0,2026-08-22,South,Chennai
953,953,5,4,95000.0,380000.0,200000.0,180000.0,2026-08-22,North,Delhi
954,954,1,3,125000.0,375000.0,225000.0,150000.0,2026-08-23,South,Chennai
955,955,3,1,45000.0,45000.0,28000.0,17000.0,2026-08-23,South,Bengaluru
956,956,2,4,240000.0,960000.0,440000.0,520000.0,2026-08-23,South,Hyderabad
957,957,5,4,95000.0,380000.0,200000.0,180000.0,2026-08-24,West,Pune
958,958,2,2,240000.0,480000.0,220000.0,260000.0,2026-08-24,West,Mumbai
959,959,8,2,65000.0,130000.0,60000.0,70000.0,2026-08-25,South,Chennai
960,960,1,2,125000.0,250000.0,150000.0,100000.0,2026-08-25,North,Delhi
961,961,2,2,240000.0,480000.0,220000.0,260000.0,2026-08-25,West,Mumbai
962,962,7,3,110000.0,330000.0,165000.0,165000.0,2026-08-25,South,Chennai
963,963,1,1,125000.0,125000.0,75000.0,50000.0,2026-08-26,South,Bengaluru
964,964,8,3,65000.0,195000.0,90000.0,105000.0,2026-08-26,West,Pune
965,965,6,1,180000.0,180000.0,120000.0,60000.0,2026-08-26,North,Delhi
966,966,4,4,85000.0,340000.0,168000.0,172000.0,2026-08-27,South,Bengaluru
967,967,1,2,125000.0,250000.0,150000.0,100000.0,2026-08-27,West,Mumbai
968,968,1,1,125000.0,125000.0,75000.0,50000.0,2026-08-28,North,Delhi
969,969,8,2,65000.0,130000.0,60000.0,70000.0,2026-08-28,West,Pune
970,970,2,2,240000.0,480000.0,220000.0,260000.0,2026-08-29,South,Chennai
971,971,8,1,65000.0,65000.0,30000.0,35000.0,2026-08-29,South,Bengaluru
972,972,1,1,125000.0,125000.0,75000.0,50000.0,2026-08-29,South,Hyderabad
973,973,3,1,45000.0,45000.0,28000.0,17000.0,2026-08-30,South,Chennai
974,974,8,2,65000.0,130000.0,60000.0,70000.0,2026-08-30,South,Bengaluru
975,975,6,4,180000.0,720000.0,480000.0,240000.0,2026-08-30,South,Hyderabad
976,976,7,3,110000.0,330000.0,165000.0,165000.0,2026-08-31,South,Chennai
977,977,3,3,45000.0,135000.0,84000.0,51000.0,2026-08-31,North,Delhi
978,978,8,3,65000.0,195000.0,90000.0,105000.0,2026-09-01,North,Delhi
979,979,8,2,65000.0,130000.0,60000.0,70000.0,2026-09-02,West,Mumbai
980,980,6,4,180000.0,720000.0,480000.0,240000.0,2026-09-02,South,Bengaluru
981,981,3,1,45000.0,45000.0,28000.0,17000.0,2026-09-02,South,Hyderabad
982,982,3,4,45000.0,180000.0,112000.0,68000.0,2026-09-02,South,Bengaluru
983,983,8,1,65000.0,65000.0,30000.0,35000.0,2026-09-03,South,Hyderabad
984,984,7,2,110000.0,220000.0,110000.0,110000.0,2026-09-03,South,Bengaluru
985,985,6,2,180000.0,360000.0,240000.0,120000.0,2026-09-03,West,Mumbai
986,986,2,4,240000.0,960000.0,440000.0,520000.0,2026-09-04,South,Bengaluru
987,987,8,2,65000.0,130000.0,60000.0,70000.0,2026-09-04,West,Mumbai
988,988,5,3,95000.0,285000.0,150000.0,135000.0,2026-09-04,West,Mumbai
989,989,6,1,180000.0,180000.0,120000.0,60000.0,2026-09-05,South,Chennai
990,990,2,1,240000.0,240000.0,110000.0,130000.0,2026-09-05,West,Mumbai
991,991,3,1,45000.0,45000.0,28000.0,17000.0,2026-09-05,West,Pune
992,992,2,4,240000.0,960000.0,440000.0,520000.0,2026-09-05,North,Delhi
993,993,7,4,110000.0,440000.0,220000.0,220000.0,2026-09-06,South,Chennai
994,994,5,1,95000.0,95000.0,50000.0,45000.0,2026-09-07,North,Delhi
995,995,4,1,85000.0,85000.0,42000.0,43000.0,2026-09-07,South,Chennai
996,996,4,4,85000.0,340000.0,168000.0,172000.0,2026-09-07,West,Mumbai
997,997,8,1,65000.0,65000.0,30000.0,35000.0,2026-09-07,South,Bengaluru
998,998,7,3,110000.0,330000.0,165000.0,165000.0,2026-09-07,North,Delhi
999,999,5,1,95000.0,95000.0,50000.0,45000.0,2026-09-08,West,Pune
1000,1000,2,2,240000.0,480000.0,220000.0,260000.0,2026-09-09,South,Bengaluru
1001,1001,2,2,240000.0,480000.0,220000.0,260000.0,2026-09-10,West,Mumbai
1002,1002,7,2,110000.0,220000.0,110000.0,110000.0,2026-09-10,West,Pune
1003,1003,4,2,85000.0,170000.0,84000.0,86000.0,2026-09-10,West,Pune
1004,1004,7,1,110000.0,110000.0,55000.0,55000.0,2026-09-10,South,Hyderabad
1005,1005,6,4,180000.0,720000.0,480000.0,240000.0,2026-09-10,North,Delhi
1006,1006,3,2,45000.0,90000.0,56000.0,34000.0,2026-09-11,South,Bengaluru
1007,1007,3,4,45000.0,180000.0,112000.0,68000.0,2026-09-11,North,Delhi
1008,1008,6,3,180000.0,540000.0,360000.0,180000.0,2026-09-11,South,Bengaluru
1009,1009,7,3,110000.0,330000.0,165000.0,165000.0,2026-09-12,South,Bengaluru
1010,1010,4,2,85000.0,170000.0,84000.0,86000.0,2026-09-12,West,Pune
1011,1011,5,3,95000.0,285000.0,150000.0,135000.0,2026-09-12,West,Pune
1012,1012,7,1,110000.0,110000.0,55000.0,55000.0,2026-09-13,South,Bengaluru
1013,1013,1,3,125000.0,375000.0,225000.0,150000.0,2026-09-13,North,Delhi
1014,1014,1,2,125000.0,250000.0,150000.0,100000.0,2026-09-13,West,Pune
1015,1015,1,3,125000.0,375000.0,225000.0,150000.0,2026-09-13,South,Bengaluru
1016,1016,6,1,180000.0,180000.0,120000.0,60000.0,2026-09-14,West,Pune
1017,1017,5,2,95000.0,190000.0,100000.0,90000.0,2026-09-14,South,Chennai
1018,1018,3,1,45000.0,45000.0,28000.0,17000.0,2026-09-15,South,Hyderabad
1019,1019,2,4,240000.0,960000.0,440000.0,520000.0,2026-09-17,West,Pune
1020,1020,2,3,240000.0,720000.0,330000.0,390000.0,2026-09-17,South,Hyderabad
1021,1021,3,4,45000.0,180000.0,112000.0,68000.0,2026-09-17,North,Delhi
1022,1022,5,1,95000.0,95000.0,50000.0,45000.0,2026-09-18,West,Mumbai
1023,1023,7,1,110000.0,110000.0,55000.0,55000.0,2026-09-18,South,Bengaluru
1024,1024,6,3,180000.0,540000.0,360000.0,180000.0,2026-09-18,South,Chennai
1025,1025,4,1,85000.0,85000.0,42000.0,43000.0,2026-09-19,South,Chennai
1026,1026,5,1,95000.0,95000.0,50000.0,45000.0,2026-09-20,West,Mumbai
1027,1027,3,1,45000.0,45000.0,28000.0,17000.0,2026-09-20,South,Hyderabad
1028,1028,4,2,85000.0,170000.0,84000.0,86000.0,2026-09-20,West,Mumbai
1029,1029,7,4,110000.0,440000.0,220000.0,220000.0,2026-09-20,South,Hyderabad
1030,1030,2,2,240000.0,480000.0,220000.0,260000.0,2026-09-21,West,Mumbai
1031,1031,5,4,95000.0,380000.0,200000.0,180000.0,2026-09-21,West,Mumbai
1032,1032,3,3,45000.0,135000.0,84000.0,51000.0,2026-09-21,North,Delhi
1033,1033,1,4,125000.0,500000.0,300000.0,200000.0,2026-09-21,South,Hyderabad
1034,1034,3,1,45000.0,45000.0,28000.0,17000.0,2026-09-22,South,Hyderabad
1035,1035,3,4,45000.0,180000.0,112000.0,68000.0,2026-09-22,West,Mumbai
1036,1036,4,4,85000.0,340000.0,168000.0,172000.0,2026-09-22,West,Pune
1037,1037,4,2,85000.0,170000.0,84000.0,86000.0,2026-09-22,North,Delhi
1038,1038,2,3,240000.0,720000.0,330000.0,390000.0,2026-09-22,North,Delhi
1039,1039,2,1,240000.0,240000.0,110000.0,130000.0,2026-09-23,South,Bengaluru
1040,1040,7,4,110000.0,440000.0,220000.0,220000.0,2026-09-23,South,Chennai
1041,1041,6,2,180000.0,360000.0,240000.0,120000.0,2026-09-23,South,Chennai
1042,1042,6,1,180000.0,180000.0,120000.0,60000.0,2026-09-23,South,Bengaluru
1043,1043,6,4,180000.0,720000.0,480000.0,240000.0,2026-09-24,North,Delhi
1044,1044,3,4,45000.0,180000.0,112000.0,68000.0,2026-09-24,North,Delhi
1045,1045,4,2,85000.0,170000.0,84000.0,86000.0,2026-09-24,North,Delhi
1046,1046,2,1,240000.0,240000.0,110000.0,130000.0,2026-09-25,West,Mumbai
1047,1047,1,2,125000.0,250000.0,150000.0,100000.0,2026-09-25,West,Pune
1048,1048,3,3,45000.0,135000.0,84000.0,51000.0,2026-09-25,North,Delhi
1049,1049,2,3,240000.0,720000.0,330000.0,390000.0,2026-09-26,West,Mumbai
1050,1050,1,3,125000.0,375000.0,225000.0,150000.0,2026-09-27,North,Delhi
1051,1051,4,2,85000.0,170000.0,84000.0,86000.0,2026-09-27,South,Hyderabad
1052,1052,5,4,95000.0,380000.0,200000.0,180000.0,2026-09-27,North,Delhi
1053,1053,3,1,45000.0,45000.0,28000.0,17000.0,2026-09-27,North,Delhi
1054,1054,1,3,125000.0,375000.0,225000.0,150000.0,2026-09-28,South,Hyderabad
1055,1055,1,3,125000.0,375000.0,225000.0,150000.0,2026-09-28,North,Delhi
1056,1056,5,1,95000.0,95000.0,50000.0,45000.0,2026-09-28,North,Delhi
1057,1057,1,1,125000.0,125000.0,75000.0,50000.0,2026-09-28,South,Bengaluru
1058,1058,5,3,95000.0,285000.0,150000.0,135000.0,2026-09-29,North,Delhi
1059,1059,1,3,125000.0,375000.0,225000.0,150000.0,2026-09-29,North,Delhi
1060,1060,7,2,110000.0,220000.0,110000.0,110000.0,2026-09-29,South,Chennai
1061,1061,2,3,240000.0,720000.0,330000.0,390000.0,2026-09-29,West,Pune
1062,1062,2,2,240000.0,480000.0,220000.0,260000.0,2026-09-30,West,Pune
1063,1063,8,1,65000.0,65000.0,30000.0,35000.0,2026-09-30,North,Delhi
1064,1064,4,3,85000.0,255000.0,126000.0,129000.0,2026-09-30,North,Delhi
1065,1065,3,1,45000.0,45000.0,28000.0,17000.0,2026-09-30,South,Hyderabad
